Date,Weight,Forecast_Vol,Return
2019-02-14,0.0,0.32018654073972724,0.0
2019-02-15,0.0,0.29493981382001205,-0.0
2019-02-18,0.0,0.27177079716862623,0.0
2019-02-19,0.0,0.2645158508597657,-0.0
2019-02-20,0.7142410936986759,0.2769742719811318,0.0
2019-02-21,0.7041616587412552,0.2953968736900013,0.0036993539836348613
2019-02-22,0.6992770439947238,0.29203028552362803,0.02601689871915234
2019-02-25,0.6920517029706273,0.29885922703291784,0.04151515830045461
2019-02-26,0.665398618583588,0.3468170825555446,-0.006056369982754534
2019-02-27,0.626085482711813,0.40821406851852227,-0.009515579110651557
2019-02-28,0.5904350453150867,0.4318301652044486,0.005131912889263541
2019-03-01,0.5610014623661324,0.44113063906368893,0.011928374919022627
2019-03-04,0.5414888609035111,0.42661930568749007,0.020562562738087303
2019-03-05,0.5343044058496712,0.3943633924196085,0.020152342122618818
2019-03-06,0.5468750544519726,0.336164851574618,0.006576130967412211
2019-03-07,0.5565469121373416,0.3367722551975801,-0.004702865152083151
2019-03-08,0.5858470910219652,0.2858168124134316,-0.012850660715384491
2019-03-11,0.5902956075609064,0.3291157224978466,0.026749054149851646
2019-03-12,0.5737196061597565,0.3932285823148165,0.013376377942611628
2019-03-13,0.0,0.4118924442232539,-0.02701168753321234
2019-03-14,0.0,0.4162962445456071,-0.0
2019-03-15,0.5151703469537996,0.48287343711674013,0.0
2019-03-18,0.0,0.5026838126931197,0.014386689791230731
2019-03-19,0.0,0.47584739167283413,-0.0
2019-03-20,0.4746758251597056,0.43063310461155047,-0.0
2019-03-21,0.48199664209168847,0.39125981847316943,0.004102144394862003
2019-03-22,0.5136643789323069,0.31252320150389556,-0.0017807548559239741
2019-03-25,0.0,0.26464954762486553,-0.007340467460919954
2019-03-26,0.0,0.2501006828223289,-0.0
2019-03-27,0.0,0.20975734023940978,0.0
2019-03-28,0.0,0.23594025095527932,-0.0
2019-03-29,0.7251154574984022,0.25779552603309197,0.0
2019-04-01,0.7349108441613836,0.258377453567916,0.03060015266714982
2019-04-02,0.6917173000479746,0.3853173793521397,-0.0052244912421080345
2019-04-03,0.6453124763887889,0.4349837395824244,0.007363118426420567
2019-04-04,0.6141924259687832,0.4083610124950452,0.00037945646508433494
2019-04-08,0.5917628502589307,0.3983479215680399,-0.013138311987702631
2019-04-09,0.0,0.3698807272473701,0.0007104328588128285
2019-04-10,0.0,0.33960221254122697,-0.0
2019-04-11,0.0,0.22758860306232503,-0.0
2019-04-12,0.0,0.21795474895348993,0.0
2019-04-15,0.0,0.2180228534796846,-0.0
2019-04-16,0.0,0.2277465856328358,0.0
2019-04-17,0.7969622495991567,0.21975038983170925,0.0
2019-04-18,0.7916755479094205,0.259561636672049,-0.006334804772106184
2019-04-19,0.7891793924077871,0.2566750907108388,0.0077378958770214674
2019-04-22,0.8025078576036201,0.2336940391210554,-0.01013950283220689
2019-04-23,0.0,0.2282232213359071,-0.006948133160672399
2019-04-24,0.8416749437547131,0.21292948979887344,0.0
2019-04-25,0.0,0.1853249727012054,-0.02490957253463681
2019-04-26,0.0,0.2372658947769957,-0.0
2019-05-06,0.0,0.2946912666428748,-0.0
2019-05-07,0.0,0.3517173443263015,0.0
2019-05-08,0.0,0.5519050334026491,-0.0
2019-05-09,0.0,0.6,-0.0
2019-05-10,0.0,0.5979346378885534,0.0
2019-05-13,0.5216864289341265,0.6,-0.0
2019-05-14,0.4883287037561018,0.5635418794299392,-0.003632925093819741
2019-05-15,0.4915790570100014,0.39636891283106757,0.01046579887440436
2019-05-16,0.5034139606664345,0.3631388735425591,0.0020133099148245117
2019-05-17,0.0,0.3676546198913799,-0.018155607319428207
2019-05-20,0.0,0.376443633487598,-0.0
2019-05-21,0.5188139197554943,0.3758363338137567,0.0
2019-05-22,0.0,0.36667335875736673,-0.0010895284372469882
2019-05-23,0.0,0.3637657169949292,-0.0
2019-05-24,0.0,0.3434025832156574,-0.0
2019-05-27,0.5504522773734776,0.33746017506820325,0.0
2019-05-28,0.5793798094621009,0.2877325649805526,0.0015397537103524369
2019-05-29,0.5888489589841704,0.3191189522284088,0.0
2019-05-30,0.5977036359320609,0.315894714953646,-0.004126494662230585
2019-05-31,0.6077310444524515,0.30871788182571697,0.0012596086112378105
2019-06-03,0.0,0.2740235904170369,-0.006000188114114139
2019-06-04,0.0,0.2494072376920346,-0.0
2019-06-05,0.0,0.16733982358960783,-0.0
2019-06-06,0.0,0.14678302384742212,-0.0
2019-06-10,0.0,0.1483342807109693,0.0
2019-06-11,0.9989156196932704,0.18730390235271538,0.0
2019-06-12,0.9714076789565171,0.23218666252582737,-0.012653574214269322
2019-06-13,0.8998530545338874,0.3259268813892712,0.006855486008228512
2019-06-14,0.8366049543136336,0.3426931050555243,-0.01596098044383997
2019-06-17,0.7887828909250519,0.3347310358278453,-0.004202527153025228
2019-06-18,0.0,0.32222468581312286,0.005654376539332507
2019-06-19,0.7385665163041871,0.2975396129043283,0.0
2019-06-20,0.7847744930549564,0.2062692658927575,0.0129168348145278
2019-06-21,0.8350211061950908,0.193048784818734,0.016692240153251037
2019-06-24,0.8556325135556964,0.21320185487166637,-0.007402219364860954
2019-06-25,0.890075435685342,0.194581465876131,-0.010614464576905128
2019-06-26,0.9015825000650608,0.21105712280633407,0.0036957727038293415
2019-06-27,0.890905163266593,0.23579460801419522,0.012981546077296008
2019-06-28,0.0,0.2316164317029273,-0.007307512279390578
2019-07-01,0.8925282783260562,0.21716762321028066,0.0
2019-07-02,0.9039480710546793,0.21060895388792322,0.0
2019-07-03,0.8660247998860089,0.27998196872620296,-0.01386543146907313
2019-07-04,0.8318521122266083,0.2877029866916642,-0.007012433945359613
2019-07-05,0.7961090727939395,0.30621450932169003,0.008968861181350816
2019-07-08,0.0,0.3040327064491364,-0.022732020125437496
2019-07-09,0.0,0.2915606122734371,0.0
2019-07-10,0.0,0.24801864385896752,-0.0
2019-07-11,0.0,0.24575138038752356,0.0
2019-07-12,0.0,0.23917750588049527,0.0
2019-07-15,0.7968692193874188,0.23762550281261086,0.0
2019-07-16,0.8168426638738937,0.22303097172791775,0.0
2019-07-17,0.9008505152494095,0.16169692243991474,0.0016441100307760558
2019-07-18,0.9889158572734216,0.14912272309901647,-0.013382198059857802
2019-07-19,1.0771291413208366,0.13986187322006838,0.010705495652224237
2019-07-22,0.0,0.1800771605838281,-0.01827543242932463
2019-07-23,1.073812601174002,0.19347192048972062,0.0
2019-07-24,1.059498536706175,0.19955254754570612,0.012255856027065894
2019-07-25,1.0273182896289954,0.22256910821473458,0.005643159332654556
2019-07-26,0.9967960270686549,0.22864799904154165,0.0
2019-07-29,0.9932651551420079,0.20426053415107878,0.001983609398651051
2019-07-30,1.00714363014217,0.1882073898006477,0.008520315402951041
2019-07-31,1.1029187134038967,0.13458777697257665,-0.006639066204932279
2019-08-01,1.2279858936881378,0.11572368925564142,0.0029139710064132155
2019-08-02,1.318407169274799,0.11904108088502025,-0.012210753815476972
2019-08-05,0.0,0.11697799468661033,-0.024826151020663993
2019-08-06,0.0,0.1434452896871204,-0.0
2019-08-07,0.0,0.18622934418992027,-0.0
2019-08-08,0.0,0.1834691158477812,0.0
2019-08-09,0.0,0.19406098856144033,-0.0
2019-08-12,1.1688052687775474,0.2191480741700685,0.0
2019-08-13,1.1165085987032122,0.22042893039694805,-0.012652886118839244
2019-08-14,1.0583543362570862,0.24220778603117638,0.005304065656858025
2019-08-15,1.017812701497853,0.23374147956759972,0.014941740711581183
2019-08-16,0.987951806758006,0.23027991399333986,0.009468052157815125
2019-08-19,0.9657939680030709,0.2280078939066513,0.035929476984283094
2019-08-20,0.9502626192662996,0.22519042612283002,-0.009283567808151648
2019-08-21,0.9133621838316127,0.26117828632329193,-0.0024506793353218236
2019-08-22,0.8784222266046704,0.2707596875427413,0.0029434807930402624
2019-08-23,0.84884759299329,0.27376669322873737,0.0005650425208550176
2019-08-26,0.0,0.27041305166099244,-0.008227981788711437
2019-08-27,0.8252454394071914,0.24443080223209507,0.0
2019-08-28,0.9354076070167222,0.1453428927848289,-0.0010539398512090959
2019-08-29,1.016801425873057,0.14898947501588683,-0.0041933699161156215
2019-08-30,1.0812869002268863,0.14933967993528557,-0.005890686343935274
2019-09-02,1.1308774776429884,0.15046194216405206,0.029607273231708902
2019-09-03,1.1370897896505499,0.17212606988331824,0.0021290600082754575
2019-09-04,1.0998722542155548,0.21030447501254634,0.00852286142438404
2019-09-05,1.069082421836727,0.21143367957026332,0.01360402273734545
2019-09-06,1.047808395512605,0.2077463869866063,0.002625171395546544
2019-09-09,1.0332835978867574,0.20508941538210523,0.024759975767695733
2019-09-10,1.0355024290200059,0.19150158964952568,-0.005583618705031322
2019-09-11,1.0555875597705853,0.17606748440603925,-0.01443888666367141
2019-09-12,1.054946014656778,0.19004545079651952,0.005142956270448319
2019-09-16,1.0297466693034618,0.2152970055601569,0.002560516867269945
2019-09-17,0.0,0.21064696269043096,-0.02016700770543595
2019-09-18,0.0,0.20456745196942533,-0.0
2019-09-19,1.029018495761539,0.1787068747709742,0.0
2019-09-20,1.0458255809690313,0.17968581403203265,-0.002509770162524987
2019-09-23,0.0,0.1903008842697208,-0.011556205577914992
2019-09-24,1.0470584218034267,0.19086219793585552,0.0
2019-09-25,1.0537846804743498,0.18506699674730567,-0.011634106866561298
2019-09-26,0.0,0.15961328267317265,-0.033224179980640485
2019-09-27,0.0,0.19312092900865746,0.0
2019-09-30,0.0,0.2442637867542255,-0.0
2019-10-08,0.0,0.3039360878086808,-0.0
2019-10-09,0.0,0.30241386631175327,0.0
2019-10-10,0.8525055261086472,0.29538081212705913,0.0
2019-10-11,0.8224367164337838,0.28483476570851113,0.0010622986695015973
2019-10-14,0.8125522020834021,0.25872747785528283,0.005613943402254243
2019-10-15,0.8252678361909419,0.22827652852812802,-0.010112780571218116
2019-10-16,0.850417362226141,0.21030152197633414,-0.0025878573931778274
2019-10-17,0.8649942529201353,0.21661389222895916,0.0016010484177582792
2019-10-18,0.0,0.20442978271120033,-0.0032600552340852594
2019-10-21,0.0,0.13695781264981305,-0.0
2019-10-22,1.1379260328727996,0.11898599700923429,0.0
2019-10-23,1.286985736254165,0.1062008245503192,-0.01210947101265451
2019-10-24,1.3518189303033874,0.1241348031927034,0.0032357213911906406
2019-10-25,1.3720679880726636,0.13764016577121838,0.01937822955689956
2019-10-28,1.3719760550444855,0.14581422163763627,0.02523798890071879
2019-10-29,1.33253985143481,0.1702424624736159,-0.018461180957603407
2019-10-30,1.2758688732497183,0.1906241583017977,-0.004108972164429258
2019-10-31,1.2111910154147183,0.20997825396361552,-0.008698176219234932
2019-11-01,1.1710045578829391,0.1979690890117603,0.012737635796450842
2019-11-04,1.1356627868325377,0.2011474046109168,0.006467629398777219
2019-11-05,1.122791598660206,0.18668787635604886,0.010377812683834338
2019-11-06,1.1597215783820674,0.152970515635066,-0.007514934728634656
2019-11-07,1.234180533217189,0.13054690941523145,0.009167815230323687
2019-11-08,1.2823244736982713,0.13560239205980862,-0.004493412110974154
2019-11-11,0.0,0.12171472563855426,-0.02757790702922799
2019-11-12,0.0,0.13285963294178366,0.0
2019-11-13,0.0,0.17572965714508157,0.0
2019-11-14,0.0,0.17619946379847967,0.0
2019-11-15,0.0,0.17870416400895783,-0.0
2019-11-18,1.235339059398016,0.17599439339695946,0.0
2019-11-19,1.2306268616335474,0.1650467233698883,0.033826393068714836
2019-11-20,1.274568401751194,0.1378992166425506,-0.008152358227094755
2019-11-21,1.2342101024912666,0.18643205216634984,-0.0038564846561007947
2019-11-22,1.174211298741648,0.2140832335048754,-0.02722633750109955
2019-11-25,0.0,0.22480696154882784,-0.010963760333321365
2019-11-26,0.0,0.2554675135488506,0.0
2019-11-27,0.0,0.25056290362021977,0.0
2019-11-28,0.0,0.18692760683624504,0.0
2019-11-29,1.0402308865577412,0.17462745631104531,-0.0
2019-12-02,1.0746280295805188,0.1649870161192339,0.003893519842824205
2019-12-03,1.1975021638454377,0.11841335336304437,0.004673813866344022
2019-12-04,1.3580017310763504,0.09490041419940007,-0.0007426717226061661
2019-12-05,1.4864013848610804,0.08958225959983612,0.0299939067395683
2019-12-06,1.572633132416051,0.10429920691356175,0.01257380852962745
2019-12-09,1.4996853961068424,0.1655773812487893,-0.005687575475370166
2019-12-10,1.442761327170437,0.16460024075704865,0.012625152235287432
2019-12-11,1.3834136320590364,0.17451658989035776,-0.014762021718910974
2019-12-12,1.3347774029983974,0.1754028255843111,0.003343556540134353
2019-12-13,1.2899516930421557,0.18007491694667038,0.0286888689822624
2019-12-16,1.2960407514794718,0.15146959758118012,0.016654593593582998
2019-12-17,1.2610717582406945,0.17838097736788872,0.01726578628551756
2019-12-18,1.2151519754932556,0.19389749431190342,-0.009468105122302185
2019-12-19,1.173080391374246,0.19904576368165458,-0.0007046731187676388
2019-12-20,1.1439636489124525,0.19464783105862843,-0.010937914165699563
2019-12-23,0.0,0.18807276929837552,-0.02505373176352583
2019-12-24,0.0,0.18070297949747116,0.0
2019-12-25,1.0998184799144697,0.19909869219202223,0.0
2019-12-26,1.058359252007867,0.22408402675334896,0.005109436917139758
2019-12-27,1.0177085146137366,0.23388925084506493,-0.01730999850531546
2019-12-30,0.9820325320953838,0.238285695874289,0.017234626169894154
2019-12-31,0.9496347022158229,0.24388953587075934,0.0017044367515700396
2020-01-02,0.9438976773662812,0.21716715527603458,0.0190204829629776
2020-01-03,0.9540654672083319,0.20105824462130845,-0.000534898995691728
2020-01-06,0.9492760775937891,0.2150263604963645,0.012892934711472629
2020-01-07,0.9388925879208042,0.22287633225510736,0.017881649861942545
2020-01-08,0.9619316824336842,0.18973746833631588,-0.015587934216006006
2020-01-09,0.9754523243625115,0.1942624786580641,0.024904019696790455
2020-01-10,0.9449038563891935,0.2430990309696327,-0.004252668589028379
2020-01-13,0.9111115580753306,0.2577511024886834,0.015863918241046222
2020-01-14,0.8739880352617149,0.27567425152483566,-0.005890810667010039
2020-01-15,0.8497161884003734,0.26573524657337166,-0.0014184381927849212
2020-01-16,0.8388584841979653,0.25143706737869714,0.004130387819147052
2020-01-17,0.8685786284943503,0.20254001264011204,0.0009034978655921894
2020-01-20,0.9472205891682083,0.15850517800722214,0.021698250748438855
2020-01-21,1.0159072401366624,0.1549602172016436,-0.006486134757557495
2020-01-22,1.0280411132259553,0.1857740535720357,0.013865628306061785
2020-01-23,1.025731743407535,0.19675467639792177,-0.0354437693678
2020-02-03,0.0,0.21917276047428785,-0.0835796058047269
2020-02-04,0.0,0.3495533421486688,0.0
2020-02-05,0.0,0.5189032606870394,0.0
2020-02-06,0.7151535038639862,0.6,0.0
2020-02-07,0.6387894697578558,0.6,0.0036959324960894675
2020-02-10,0.5776982424729513,0.6,0.006877544160566651
2020-02-11,0.5325724154434461,0.568070290288593,-0.004139086360606275
2020-02-12,0.5341908954290809,0.36991495343104996,0.01589886852899317
2020-02-13,0.5653790560445207,0.2897997591371036,-0.004814974761175962
2020-02-14,0.6015592554212011,0.26799590745502133,-0.00028448074705366994
2020-02-17,0.6350760389459471,0.26002961088275384,0.02490796551581601
2020-02-18,0.6505573276020623,0.28070865598687533,0.0057997649918484
2020-02-19,0.6357216004210189,0.3469940906580097,-0.011303408644459422
2020-02-20,0.6249369484386804,0.3437617230480806,0.015591970509896223
2020-02-21,0.613864122740519,0.3511403511465027,0.011763855170997319
2020-02-24,0.6066075664431385,0.34627157374216483,0.009372151318409875
2020-02-25,0.6043387028545063,0.3359858020867009,0.00471637617262517
2020-02-26,0.6209940729938362,0.2908602037390081,-0.02616348109431059
2020-02-27,0.6322665685859589,0.295265469446164,0.002653213466616215
2020-02-28,0.0,0.3755830990269602,-0.03573428072514992
2020-03-02,0.0,0.40006546440480084,0.0
2020-03-03,0.0,0.4701155572696589,0.0
2020-03-04,0.5242318686627951,0.5084592434903605,-0.0
2020-03-05,0.5000869175125017,0.4956542117857309,0.008220480731686958
2020-03-06,0.4896913878134976,0.4463197122400916,-0.002363361805504447
2020-03-09,0.0,0.4136914676278501,-0.02376458974301199
2020-03-10,0.0,0.2892034993564457,0.0
2020-03-11,0.0,0.36338856557443894,-0.0
2020-03-12,0.0,0.39664400910582875,-0.0
2020-03-13,0.0,0.41387762891694035,-0.0
2020-03-16,0.0,0.41396547014462853,-0.0
2020-03-17,0.0,0.431012818038747,0.0
2020-03-18,0.0,0.4607787821217725,-0.0
2020-03-19,0.0,0.43587309899469995,0.0
2020-03-20,0.0,0.412793485419242,0.0
2020-03-23,0.0,0.4126196404051822,-0.0
2020-03-24,0.0,0.40705172306050286,0.0
2020-03-25,0.497075801309529,0.36642313427507417,0.0
2020-03-26,0.49992994687509684,0.3911241958313403,-0.001873227261309197
2020-03-27,0.49542481213638867,0.41893215296784825,-0.006240726852828272
2020-03-30,0.48930138438033915,0.43028549540910416,-0.01094300353135682
2020-03-31,0.48690292931545204,0.4190156781118031,0.0016364724227541589
2020-04-01,0.0,0.3512886212505991,-0.001085039261156802
2020-04-02,0.5367059302501777,0.298518894004815,0.0
2020-04-03,0.6078481939099221,0.22411041508353488,-0.0032112063773090354
2020-04-07,0.6302742774652695,0.2777860296870064,0.019899177553433768
2020-04-08,0.6447212333272363,0.2846938385650261,-0.0019998282496069037
2020-04-09,0.6565474960874439,0.28415042442625565,0.010500032288834378
2020-04-10,0.6575488731768361,0.30231830607201393,-0.01487891370309499
2020-04-13,0.663967818770924,0.2900048657992106,-0.009176899046560579
2020-04-14,0.6573704711697861,0.3169667143703363,0.020844548102059716
2020-04-15,0.6495393481044964,0.323512122217073,-0.0031065301148970924
2020-04-16,0.6433902499325317,0.3232094140212505,0.010848530450523518
2020-04-17,0.6385251813054562,0.3230679009649194,0.00398384152277533
2020-04-20,0.6364786091943476,0.3183231648626317,0.007834778854491048
2020-04-21,0.6477742950336077,0.28861818109891535,-0.006174736912468536
2020-04-22,0.6821946273616476,0.24393934030141504,0.005296099829913008
2020-04-23,0.7326619392269125,0.21401104944267368,-0.0052275655234937735
2020-04-24,0.7960556852546229,0.19054321280542097,-0.007933009041385091
2020-04-27,0.0,0.18474576757036132,0.004116115270795398
2020-04-28,0.8980058467768899,0.18577070383039107,0.0
2020-04-29,0.9574678526798148,0.16731978882477744,0.0009205477682450682
2020-04-30,1.0210150492498031,0.15683767130210544,0.019902460397188557
2020-05-06,1.080320952527598,0.15179752185690598,0.01827823787805686
2020-05-07,1.0804999785137686,0.18497690077384296,-0.0021318349428402364
2020-05-08,1.0891810523192607,0.17795092837447618,0.010090660536272797
2020-05-11,1.079812372647723,0.19187640323638677,-0.010709821358876465
2020-05-12,1.0738879736747227,0.19044166108459526,0.01061769995680372
2020-05-13,1.0535047854341673,0.20576723744957426,0.007852061573913027
2020-05-14,1.066839946226574,0.17854264026107075,-0.010799949784712794
2020-05-15,1.1181814778727464,0.15110903402827475,0.002614099494478245
2020-05-18,1.1506401292276476,0.15619207047852957,-0.0032887944852887856
2020-05-19,1.1913309471343319,0.14770020965231678,0.013477731398665633
2020-05-20,1.2476373952760138,0.1357899373484472,-0.012785180532192523
2020-05-21,1.2853677684125897,0.13924771662393154,-0.011680389353469722
2020-05-22,0.0,0.145971854641941,-0.031564128537396895
2020-05-25,0.0,0.16092838466349751,0.0
2020-05-26,0.0,0.19899288509581148,0.0
2020-05-27,0.0,0.22969204786285696,-0.0
2020-05-28,0.0,0.28747619469345265,-0.0
2020-05-29,0.9815740623065352,0.3141312556654391,0.0
2020-06-01,0.9143537021888802,0.30985065023181035,0.03842275418645536
2020-06-02,0.8611183642719249,0.3085576873460598,-0.007931847988506949
2020-06-03,0.8076199631530042,0.3369122632047986,-0.0020864972478142193
2020-06-04,0.7684883052998317,0.32681785238218075,0.004298947032162962
2020-06-05,0.7546806864358617,0.2859388657840065,0.005175002426882185
2020-06-08,0.7503515011252746,0.2728383576679808,-0.0050820218823017715
2020-06-09,0.7595029324952931,0.2512219883509777,0.010786253502545511
2020-06-10,0.8555795946511027,0.16130512059867047,0.0071923095460679634
2020-06-11,0.9563444312643516,0.14712332220808705,-0.000403260708258375
2020-06-12,1.0409065831380087,0.14501631241967583,0.00897560319368691
2020-06-15,1.1043642594231131,0.14725426409180659,0.0
2020-06-16,1.152281579080536,0.1488149651102217,0.0224658365270015
2020-06-17,1.2074159114663965,0.14006060860827735,0.0015810059589602956
2020-06-18,1.2159791167756262,0.15997031744200513,0.0038566652600403382
2020-06-19,1.2111801917104232,0.16778741790237006,0.024133973013407393
2020-06-22,1.2079917460584986,0.1673306957407672,0.013448653117463948
2020-06-23,1.1795656396268703,0.18764169048625984,0.022728137493670666
2020-06-24,1.1608065761067028,0.18420101926050317,-0.000511372289411383
2020-06-29,1.1512621439132014,0.1796808914757729,-0.007575498217914654
2020-06-30,1.1427484456459838,0.1803924822110312,0.03367376321265801
2020-07-01,1.111259593484408,0.20298300065868696,-0.00826494898506132
2020-07-02,1.0658285734291189,0.2262176038426213,0.002843329529825346
2020-07-03,1.02136444661071,0.23710505932781495,0.015322921827162373
2020-07-06,0.9944010321448301,0.22559426129047205,0.02999883746869519
2020-07-07,0.9659246316225475,0.23473654116566398,0.0204624258614174
2020-07-08,0.9306690038232768,0.25327789316817356,0.025881355577944774
2020-07-09,0.8987159137763983,0.25943582575137314,0.03654322636146836
2020-07-10,0.871787968957496,0.26175400136898297,0.004357016681033542
2020-07-13,0.8434468279901803,0.2739417320879823,0.03652168564673527
2020-07-14,0.8005155454524665,0.3180710060665705,-0.010902879799821323
2020-07-15,0.7622203457590692,0.3283859003736721,-0.013420036849339715
2020-07-16,0.0,0.374269996600766,-0.04619176793955314
2020-07-17,0.0,0.4045553620356899,0.0
2020-07-20,0.0,0.4515053394113369,0.0
2020-07-21,0.0,0.4487256564970996,0.0
2020-07-22,0.0,0.382687927968532,0.0
2020-07-23,0.5646770763187318,0.38715712983991424,0.0
2020-07-24,0.0,0.3661667775980193,-0.03642948782602897
2020-07-27,0.0,0.20613069966889583,0.0
2020-07-28,0.0,0.4160083942286279,0.0
2020-07-29,0.5764031790080247,0.4542044018171546,0.0
2020-07-30,0.0,0.4626618371850963,-0.005623495284482969
2020-07-31,0.5208929512497307,0.4829172281083891,0.0
2020-08-03,0.5039923731217254,0.45830558038047264,0.012167420486009961
2020-08-04,0.52532936072413,0.32750520832138275,-0.00640407095950228
2020-08-05,0.5494022294332809,0.3097443860415972,0.00496679168997197
2020-08-06,0.5630045810417913,0.3239317606289712,-0.008819470070064828
2020-08-07,0.0,0.276502633870255,-0.01277471210997542
2020-08-10,0.0,0.2829952416083332,-0.0
2020-08-11,0.0,0.2900855482331704,-0.0
2020-08-12,0.0,0.2411108349063132,-0.0
2020-08-13,0.0,0.2402159831196602,-0.0
2020-08-14,0.0,0.19670450923537852,0.0
2020-08-17,0.0,0.20596694995707138,0.0
2020-08-18,0.8099646809673196,0.24358266680287488,-0.0
2020-08-19,0.8122430324509948,0.24349964358115048,-0.02558497465561698
2020-08-20,0.0,0.23609897528019597,-0.006786205970836483
2020-08-21,0.0,0.26581612134930727,0.0
2020-08-24,0.7885480583132408,0.27803543731716396,0.0
2020-08-25,0.7724647429397445,0.2824334254871276,0.0042395696628259585
2020-08-26,0.7514708427332655,0.2996276039788774,-0.01795812715310297
2020-08-27,0.7366799078257433,0.29519590732813883,0.014875285556539292
2020-08-28,0.7345512486126886,0.27546820196167054,0.017624082550935817
2020-08-31,0.7323019187843177,0.27650867994800415,-0.007758406759986168
2020-09-01,0.724655475685013,0.28815549656267125,0.005808632165445752
2020-09-02,0.7177294010547627,0.2898445277796463,0.0048908657779272195
2020-09-03,0.7183146910864523,0.2775249790358378,-0.005654661617877817
2020-09-04,0.0,0.22368353481659686,-0.004614155679395431
2020-09-07,0.0,0.20210565081732945,-0.0
2020-09-08,0.0,0.17532433368972736,0.0
2020-09-09,0.0,0.23694085854992394,-0.0
2020-09-10,0.0,0.28520834323691474,-0.0
2020-09-11,0.0,0.35193320736864675,0.0
2020-09-14,0.0,0.3816908635885,0.0
2020-09-15,0.0,0.3977045153171677,0.0
2020-09-16,0.6527682290264247,0.37539875647725396,-0.0
2020-09-17,0.6379588167592047,0.3455895708778023,-0.0005290103357069376
2020-09-18,0.6655448962938914,0.2577687590956504,0.011785920702850932
2020-09-21,0.7109864165324082,0.2240262565079298,-0.008261096652562095
2020-09-22,0.0,0.2119626328339541,-0.004021802987753924
2020-09-23,0.7923817443355268,0.21461480517721676,0.0
2020-09-24,0.8231887449069218,0.2113233948926729,-0.017247168817211767
2020-09-25,0.0,0.22406704467151278,0.0006706535590178398
2020-09-28,0.0,0.2506575435862503,-0.0
2020-09-29,0.8390876802210389,0.22766168735442027,0.0
2020-09-30,0.850270812781488,0.22346285246757655,0.0030407288644157936
2020-10-09,0.8460973423841458,0.24113716599198853,0.03120308041223218
2020-10-12,0.8389416429343605,0.24681642442442003,0.032793589638882244
2020-10-13,0.8096858863194404,0.28874075916311315,0.001873971390279027
2020-10-14,0.7686008999575871,0.33098282870539614,-0.006651626975845616
2020-10-15,0.7416089677054408,0.31563602206718644,-0.00491488759339688
2020-10-16,0.7173718338685179,0.32236055685985243,-0.004491220075643408
2020-10-19,0.0,0.3158719026241241,-0.009320251876507622
2020-10-20,0.0,0.2686281250868379,0.0
2020-10-21,0.0,0.15820192034572492,-0.0
2020-10-22,0.0,0.18693734779509497,-0.0
2020-10-23,0.0,0.19385375750015038,-0.0
2020-10-26,0.0,0.21101527037753598,0.0
2020-10-27,0.0,0.24053136989490442,0.0
2020-10-28,0.0,0.25509314931358706,0.0
2020-10-29,0.8688640840446108,0.2349303243649286,0.0
2020-10-30,0.8664515885005076,0.2334262663886133,-0.01411180997189759
2020-11-02,0.8717013873084812,0.22403928474075385,0.017389823723778612
2020-11-03,0.9001172977573828,0.19728127862434156,0.01059424089334474
2020-11-04,0.9099136452438598,0.21072616511512,0.0030529942420123497
2020-11-05,0.9134211071089765,0.21564482630011128,0.010889170863178555
2020-11-06,0.9151965652183601,0.2168495581346756,-0.018176418430362835
2020-11-09,0.9137852086971596,0.22023041367561225,0.028025390495942885
2020-11-10,0.8947570563979355,0.24430630499456016,-0.015249900806469902
2020-11-11,0.0,0.2734189882885034,-0.02683283385104081
2020-11-12,0.0,0.3092191952759169,0.0
2020-11-13,0.7723394087849205,0.3415646436224895,0.0
2020-11-16,0.0,0.340792115451506,0.00029482094393526177
2020-11-17,0.0,0.31303122161073016,-0.0
2020-11-18,0.0,0.2513195141664541,-0.0
2020-11-19,0.0,0.23137751744887186,0.0
2020-11-20,0.0,0.19744968010992903,0.0
2020-11-23,0.0,0.19482721941585907,0.0
2020-11-24,0.8814588221377221,0.20076268798938518,-0.0
2020-11-25,0.9070574891795445,0.1981272698704855,-0.018630316891704277
2020-11-26,0.0,0.17724647460298032,-0.0021554001394366194
2020-11-27,0.0,0.18910305143055214,0.0
2020-11-30,0.0,0.18678154696461347,0.0
2020-12-01,1.017880315318127,0.1784876071509422,0.0
2020-12-02,1.034076372101406,0.18200670780199246,-0.0035268512757337337
2020-12-03,1.0110027780163742,0.2176969315128566,0.010317050236783382
2020-12-04,1.0197049658959334,0.18966088036334977,0.0069247520072419225
2020-12-07,1.036787713870184,0.18097603357564895,-0.003486198530709272
2020-12-08,1.0488331415047558,0.18231293735679777,0.007077032569725252
2020-12-09,1.0658083683161583,0.17641206992938946,-0.019201086655673254
2020-12-10,1.1360271984175778,0.1411529708946392,0.011831121905451531
2020-12-11,0.0,0.17393088756356695,-0.011299531655588625
2020-12-14,1.1269151942541586,0.18529098601882735,0.0
2020-12-15,1.1132017945676906,0.18897372413877248,0.011039960321584701
2020-12-16,1.0818294123675034,0.2091306693746604,0.0
2020-12-17,1.0575435523435794,0.20824653959263495,0.01089706663708776
2020-12-18,1.0757341444481268,0.17414071158201236,-0.0023579741193259013
2020-12-21,1.1090860900779196,0.16096658857717772,0.0354280960359029
2020-12-22,1.1420338409203088,0.15700745741970246,-0.024216888504555303
2020-12-23,1.0935700366651453,0.2222926594440525,0.011288709188987778
2020-12-24,1.014459858269728,0.2865250925021248,-0.007595581088979985
2020-12-25,0.9481653290203734,0.29283125141921096,0.008523366327742485
2020-12-28,0.0,0.29105336919019886,-0.0013807205120149142
2020-12-29,0.8653387303251958,0.2692379828579957,-0.0
2020-12-30,0.8886597633955424,0.20367762443507503,0.02572988327984431
2020-12-31,0.9441584108197452,0.17150408214994828,0.021021324951530983
2021-01-04,0.9240831344261353,0.237028039424092,0.03555968077916502
2021-01-05,0.8815378307551285,0.281152934381382,0.003718601554431588
2021-01-06,0.8287892853532067,0.32373192792797467,0.004414350762417844
2021-01-07,0.7868006714672722,0.3231820682647797,0.014499729416903254
2021-01-08,0.7693427476745892,0.2859139956175277,-0.005166137536876001
2021-01-11,0.766316354761387,0.26517785807261185,-0.01200324953629743
2021-01-12,0.7691755881667883,0.2562090594470577,0.02198648433296305
2021-01-13,0.8006543057718168,0.21585004675201055,-0.012859785565407438
2021-01-14,0.0,0.24886530593697526,-0.010121541548979868
2021-01-15,0.0,0.2747361063054381,0.0
2021-01-18,0.777596617655282,0.2696884073745634,0.0
2021-01-19,0.0,0.2724025244443412,-0.01807843321921383
2021-01-20,0.7603174002594599,0.27551558220914696,0.0
2021-01-21,0.7514875059142514,0.2792641111555554,0.01939694308731124
2021-01-22,0.7184508829134333,0.34111973763240344,0.01522462895420737
2021-01-25,0.6841886140612419,0.36553746507256735,0.00022167826729402955
2021-01-26,0.6601104694240401,0.3547370489263849,-0.019262166501311517
2021-01-27,0.6386459061289298,0.3618025817567183,0.0029254579430384705
2021-01-28,0.0,0.34625131448100926,-0.022374901325299564
2021-01-29,0.0,0.32155136566745096,-0.0
2021-02-01,0.0,0.32314572300740707,0.0
2021-02-02,0.0,0.3009445774215088,0.0
2021-02-03,0.0,0.30287399296884143,-0.0
2021-02-04,0.6400746189827795,0.3082783064085125,-0.0
2021-02-05,0.6541629643109385,0.2814854313090758,-0.0028990684844671356
2021-02-08,0.7141755039202496,0.20959402779619596,0.0
2021-02-09,0.7879919415477195,0.18462827586306751,0.03126285919095926
2021-02-10,0.8219125775661664,0.20885653600394807,0.01717566298716942
2021-02-18,0.7901763513135631,0.3015538559198296,-0.02303279642157564
2021-02-19,0.7508088764105781,0.3370754456063222,-0.00793650933608209
2021-02-22,0.0,0.375755175745491,-0.033417844470539276
2021-02-23,0.0,0.4046575569262427,-0.0
2021-02-24,0.0,0.43971717373477576,-0.0
2021-02-25,0.0,0.3969273463307419,-0.0
2021-02-26,0.0,0.3231792850372932,-0.0
2021-03-01,0.0,0.349975291773138,0.0
2021-03-02,0.0,0.32894134908986494,-0.0
2021-03-03,0.588583822943102,0.36530971308384186,0.0
2021-03-04,0.0,0.3347861437156153,-0.031045627306152967
2021-03-05,0.0,0.33097765879836183,0.0
2021-03-08,0.0,0.4066886351232701,-0.0
2021-03-09,0.0,0.4453604951885716,-0.0
2021-03-10,0.0,0.46644633657851853,0.0
2021-03-11,0.0,0.47461606954169755,0.0
2021-03-12,0.0,0.45019171371764144,0.0
2021-03-15,0.0,0.4183938451688056,-0.0
2021-03-16,0.4911143124171941,0.4004467002351677,0.0
2021-03-17,0.4996751845952758,0.3745888840354822,0.005303274671564959
2021-03-18,0.5147010105300587,0.3479445004762731,0.008174435117354073
2021-03-19,0.0,0.3342128378165936,-0.01397822460012764
2021-03-22,0.5453143078141784,0.3328942131411373,0.0
2021-03-23,0.5541469187295579,0.33928359723390794,-0.0058885507580488305
2021-03-24,0.0,0.28680328050909876,-0.007789779407345416
2021-03-25,0.0,0.2737742713886197,0.0
2021-03-26,0.6382571434474851,0.26956081672809945,0.0
2021-03-29,0.6632817144478388,0.26199271713469613,-0.0031387806354177643
2021-03-30,0.6748867058096668,0.2772745740053558,0.0089937911920662
2021-03-31,0.6831626352822789,0.2792257365072266,-0.002022925823704006
2021-04-01,0.6961011938196574,0.26743136777532983,0.01345300842484781
2021-04-02,0.7147956244305977,0.253301356728579,0.009664722231906515
2021-04-06,0.7319023691377959,0.24989712111413098,-0.006775370592967358
2021-04-07,0.7731855593418737,0.2131472824342632,-0.0061923326060812885
2021-04-08,0.8111207912070538,0.20771414640590588,0.0059749427530391185
2021-04-09,0.0,0.21420515779376548,-0.01137799513699003
2021-04-12,0.0,0.20951742312878363,-0.0
2021-04-13,0.0,0.21211990674278547,0.0
2021-04-14,0.8920942228150499,0.20919817461217938,0.0
2021-04-15,0.0,0.23979553966841083,-0.002970920118045718
2021-04-16,0.8566661307685679,0.26267607611638627,-0.0
2021-04-19,0.8384755723733813,0.2611943528571108,0.03435873840768306
2021-04-20,0.8206884853958584,0.26683027365402173,-0.002100378031779925
2021-04-21,0.7950991694287586,0.2887078122381235,0.006735394617807782
2021-04-22,0.7685340637935075,0.3019899744488648,0.00647226476423644
2021-04-23,0.7549278741166631,0.2855090799748199,0.014490983426882629
2021-04-26,0.7471160701442773,0.2793807815653793,-0.007347318509046815
2021-04-27,0.7547067957235807,0.25475445110047734,0.005460106869048193
2021-04-28,0.7969658334077376,0.20703891222040266,0.016820790714041113
2021-04-29,0.849712702079608,0.18855469658690982,0.0008103421503291358
2021-04-30,0.8747160371348641,0.20518515666628673,0.01058405281824545
2021-05-06,0.8881921496234004,0.2122924550302845,-0.02523538156661017
2021-05-07,0.0,0.21285286270006937,-0.026385433510813374
2021-05-10,0.0,0.2797525629790864,0.0
2021-05-11,0.0,0.32166302880180747,-0.0
2021-05-12,0.0,0.3030200965615146,0.0
2021-05-13,0.0,0.2960511495887791,-0.0
2021-05-14,0.7488648310751657,0.28644170388086676,0.0
2021-05-17,0.7552356497061228,0.2561741412855679,0.017638933947400418
2021-05-18,0.7654042765866474,0.248114705340041,-0.004787177980807371
2021-05-19,0.7647038605804537,0.2625008838459024,0.006123309694463141
2021-05-20,0.7570359993653276,0.27534383218402503,0.007830206189125567
2021-05-21,0.7526342804650706,0.27209869819342847,-0.007751690913554154
2021-05-24,0.7680483336088806,0.2410496614967541,0.005973301633583198
2021-05-25,0.7986575093756247,0.21713305468463495,0.020715461897939016
2021-05-26,0.8592943793571712,0.18151425117401232,-0.006169236952590042
2021-05-27,0.8790127092329496,0.20879310690427474,0.006362099616589598
2021-05-28,0.8794345257554717,0.22698337715730393,0.0008453459652819496
2021-05-31,0.8831960555454372,0.22265710254099041,0.020608305598465344
2021-06-01,0.889661632228063,0.21845414575123584,-0.0019371292539535712
2021-06-02,0.8902531160117761,0.22405974838099935,-0.015482577177385515
2021-06-03,0.9041324076341879,0.20840940838493166,-0.009714003708309514
2021-06-04,0.9069285619560645,0.21783806672373357,0.012171212991279916
2021-06-07,0.0,0.2330712383310634,-0.005502712420290434
2021-06-08,0.0,0.235987368199516,-0.0
2021-06-09,0.0,0.1974750018645936,-0.0
2021-06-10,0.9512174160401698,0.18071488669843006,0.0
2021-06-11,0.995297434789493,0.17070417463835671,0.004775507330650639
2021-06-15,0.9970544113288502,0.19918685601465452,-0.012539334366209012
2021-06-16,0.0,0.20342277199817055,-0.042283135267565435
2021-06-17,0.9598358416115939,0.24328952303168427,0.0
2021-06-18,0.0,0.3344894132422235,0.015110988069577757
2021-06-21,0.8167002089368761,0.3747526495854331,0.0
2021-06-22,0.7654664328387205,0.3568043209189381,0.002061109093606275
2021-06-23,0.7282241710110511,0.3452710072245344,0.010300591454617607
2021-06-24,0.7081722811833283,0.3184892288274556,-0.00979943646273884
2021-06-25,0.7835905845809413,0.18428699117853972,0.015230099542738575
2021-06-28,0.8262275493047756,0.20064700468598262,0.01483936953666791
2021-06-29,0.847276594981448,0.21471373591441806,-0.0020024039748166513
2021-06-30,0.8511385016763473,0.2307906778479754,0.019309082071342333
2021-07-01,0.8425911515222179,0.24740174025591632,-0.008368178478888497
2021-07-02,0.8296712045771257,0.2570722448628866,-0.02900019171527086
2021-07-05,0.0,0.2654956217533698,0.005892394473523845
2021-07-06,0.0,0.31340885520086703,-0.0
2021-07-07,0.0,0.3101532670477137,0.0
2021-07-08,0.7264575939354685,0.3209544305756862,0.0
2021-07-09,0.6947072379636043,0.3522951413232728,-0.0041668742414028076
2021-07-12,0.6714668419693275,0.3457185517969653,0.025602822471827488
2021-07-13,0.6675148045819489,0.30688653929741827,-0.0031422962146191082
2021-07-14,0.6549302484135295,0.33080158544410015,-0.005699418892292518
2021-07-15,0.6512667776884671,0.31416265934502363,0.009038956362977373
2021-07-16,0.6603941294778762,0.28698376387290736,-0.01947098860766229
2021-07-19,0.0,0.2910489047245982,0.004351187523280985
2021-07-20,0.0,0.32131557266102023,0.0
2021-07-21,0.6743907983200416,0.268960522303446,0.0
2021-07-22,0.6913138457617584,0.263502515972361,-0.003326458723570537
2021-07-23,0.6879744557249587,0.2964645583456884,-0.014426147671907254
2021-07-26,0.0,0.29609955013264666,-0.02011100116945587
2021-07-27,0.0,0.28330517606547406,-0.0
2021-07-28,0.0,0.3344783630125594,0.0
2021-07-29,0.0,0.3774369130771924,0.0
2021-07-30,0.0,0.3815550895475608,-0.0
2021-08-02,0.5780751090780233,0.483640716963209,0.0
2021-08-03,0.5439020462623271,0.4911473212480677,-0.005133910960257642
2021-08-04,0.5231004860132991,0.4546547318257954,0.013260744755391516
2021-08-05,0.5215416392967385,0.3881187139815962,-0.004114751552696574
2021-08-06,0.5283266561652213,0.36005757228749063,-0.005058341062914356
2021-08-09,0.0,0.28739911377414074,-0.005962743273674763
2021-08-10,0.6030366140295643,0.26047748732377096,0.0
2021-08-11,0.0,0.2430833251414038,-0.00720912407320243
2021-08-12,0.0,0.230006467538115,-0.0
2021-08-13,0.0,0.1719778378639166,-0.0
2021-08-16,0.0,0.17345943212590537,-0.0
2021-08-17,0.0,0.17615201784375323,-0.0
2021-08-18,0.0,0.18954193955950793,0.0
2021-08-19,0.0,0.18504690616930225,0.0
2021-08-20,0.0,0.24039721347100013,-0.0
2021-08-23,0.912923316968557,0.251802513087408,0.0
2021-08-24,0.8726204390901375,0.2811322605710551,0.008532047797331913
2021-08-25,0.8189461015314868,0.33098951312807023,0.004318584645465036
2021-08-26,0.7871994140085913,0.3029326926469573,-0.019691431241310262
2021-08-27,0.7664002349194252,0.29273853919946924,-0.0014942204727741363
2021-08-30,0.741794095957799,0.31086333363777663,0.0014547405663376909
2021-08-31,0.0,0.2741495684575542,-0.013724194588946225
2021-09-01,0.0,0.21958100001540543,-0.0
2021-09-02,0.0,0.2099957910328799,-0.0
2021-09-03,0.0,0.2002605908674028,-0.0
2021-09-06,0.0,0.18226753196525486,0.0
2021-09-07,0.9123981434430802,0.20555963285269918,0.0
2021-09-08,0.8571699036054312,0.31433841595903356,-0.006984949154944344
2021-09-09,0.8114908688920003,0.3180789405894623,0.0008230206307574604
2021-09-10,0.7812414808311701,0.3029183478108864,0.0023330055976616424
2021-09-13,0.0,0.2861229112171738,-0.01003212158933553
2021-09-14,0.7704499936676601,0.2521823253663183,0.0
2021-09-15,0.8468582986217574,0.17353706886367337,-0.008636060115994637
2021-09-16,0.0,0.1779819861338449,-0.019310290506923608
2021-09-17,0.0,0.1951428050137137,0.0
2021-09-22,0.9162292620705271,0.22880604249166614,-0.0
2021-09-23,0.0,0.26507676631304133,0.0053597889254620125
2021-09-24,0.8578429354261341,0.2653637988374801,0.0
2021-09-27,0.8437643877229856,0.2539843164491064,0.005774930414820993
2021-09-28,0.8411397032411094,0.2407779153108479,-0.00432424301297416
2021-09-29,0.8870232281660377,0.18681858018637582,-0.008415576476388442
2021-09-30,0.9698148858628766,0.15373008566252366,0.018507030213054047
2021-10-08,1.029739117813089,0.15755027651138875,-0.003085634034482257
2021-10-11,0.0,0.18832299715512787,-0.013875442578392043
2021-10-12,0.0,0.19723978717872984,-0.0
2021-10-13,1.0148405811601688,0.21115041312787391,0.0
2021-10-14,0.0,0.23151518816820488,0.0009787954647684648
2021-10-15,0.9446192925880507,0.25493710034897515,0.0
2021-10-18,0.9229502195788679,0.23915608679540332,-0.0011905022713865714
2021-10-19,0.8945982261811816,0.2560195795285435,0.0055119144471523305
2021-10-20,0.8807159705970338,0.24236932057834337,-0.0016836977858751224
2021-10-21,0.9096263845457601,0.19507093962818356,-0.0030469612064923006
2021-10-22,0.9579550361318828,0.17372124880301826,0.0031469808640280043
2021-10-25,1.0141516456929993,0.16142856741022976,0.015217831340430402
2021-10-26,1.1686454867204767,0.11194316908763485,-0.004711912157118049
2021-10-27,1.230423379655556,0.13536058812757967,-0.005819609296938107
2021-10-28,1.255677191335228,0.14741734706422227,-0.010409390227499694
2021-10-29,1.2679038617669596,0.15188213747844187,0.02774446289124713
2021-11-01,1.2503268499045002,0.16948882474072635,-0.009793874502607162
2021-11-02,1.1977259890126712,0.2025680472127629,0.0015502925374782425
2021-11-03,1.1565481947501701,0.20164603299819622,-0.0022283437141327475
2021-11-04,1.1326288454891544,0.19287306102894217,0.01356046259587623
2021-11-05,1.1146609119278712,0.19179332148846756,-0.0041769074427377255
2021-11-08,1.1155307286725056,0.17872941330040532,0.010248328736746748
2021-11-09,1.1732364779088325,0.14244410837423882,0.007461716112670375
2021-11-10,1.2493321984166363,0.12872372967014703,-0.001422949089840216
2021-11-11,1.3076576240766027,0.1297892790111257,0.010568386179388194
2021-11-12,1.358140212973387,0.1281993289473693,0.0
2021-11-15,1.4170167075845406,0.12102708282969474,-0.01190090775548146
2021-11-16,1.4862576172776263,0.11342875961468797,-0.005601720240153302
2021-11-17,1.5067853305197432,0.12587354798784064,0.01576580626713364
2021-11-18,0.0,0.124360488043155,-0.01966095104649492
2021-11-19,1.506676960683672,0.14034206590223433,0.0
2021-11-22,1.4609875662450746,0.15646636505231512,0.035949824938623455
2021-11-23,1.3861290672632658,0.1840442689724465,-0.005608306532181929
2021-11-24,1.2965444373128001,0.21317281874601768,-0.0074015296961976226
2021-11-25,1.2203316978275864,0.21846445401434147,0.002311834492748531
2021-11-26,1.1614415876899136,0.2160104465005664,-0.0014501676883514288
2021-11-29,1.1376301168098377,0.19186782916779566,0.008599439094888018
2021-11-30,1.1407122861157706,0.1734543753074902,-0.0010075024395537135
2021-12-01,1.2661894365071715,0.11311589951086644,-0.007096705997217433
2021-12-02,1.4129515492057374,0.09967502625610669,-0.0037684201137226326
2021-12-03,1.5227124952151967,0.10194946340436996,0.006303084025572065
2021-12-06,0.0,0.10357482328582068,-0.034733233217576306
2021-12-07,0.0,0.12039714036568433,-0.0
2021-12-08,0.0,0.16656363633164845,0.0
2021-12-09,1.4475026762918048,0.18073395153151284,0.0
2021-12-10,1.346225192907238,0.21251382124449097,0.0073204047764280555
2021-12-13,1.2537745560532079,0.22625150801817945,0.007568699097611928
2021-12-14,1.1854568008729083,0.219253582276559,-0.0018510906473279672
2021-12-15,1.1916350093758505,0.16442664907678475,-0.010202852359666253
2021-12-16,1.2532752626871424,0.1333478881724464,0.008141308163926874
2021-12-17,0.0,0.1342966510452149,-0.01868919289417198
2021-12-20,0.0,0.12831932795941137,-0.0
2021-12-21,0.0,0.16873076321270114,0.0
2021-12-22,0.0,0.22495704630319172,0.0
2021-12-23,0.0,0.2495303477395269,0.0
2021-12-24,0.0,0.2497713906790867,-0.0
2021-12-27,0.0,0.25381711586378686,-0.0
2021-12-28,0.9763514830451239,0.2488311073418257,0.0
2021-12-29,0.0,0.20467635074884397,-0.013408328880279697
2021-12-30,0.0,0.19548463984066,0.0
2021-12-31,0.9812484610408424,0.2077002145911051,-0.0
2022-01-04,0.0,0.21712237564192555,-0.019711835190788337
2022-01-05,0.0,0.1899971017984906,-0.0
2022-01-06,0.0,0.23176839393798476,-0.0
2022-01-07,0.0,0.2631628490895428,-0.0
2022-01-10,0.0,0.27355150985020277,-0.0
2022-01-11,0.0,0.2353867621815811,-0.0
2022-01-12,0.880530124605777,0.22293717328903262,0.0
2022-01-13,0.0,0.20799798935237596,-0.013153413769993825
2022-01-14,0.886971873795773,0.23586998308026197,0.0
2022-01-17,0.8763272788188461,0.23988037676714977,0.015456410918254207
2022-01-18,0.8640719506374346,0.24538352673695563,-0.006018993908854724
2022-01-19,0.0,0.25311513740593916,-0.017763388767601626
2022-01-20,0.8413160510248757,0.24708848899723146,-0.0
2022-01-21,0.0,0.23566178111917707,-0.00967038330297779
2022-01-24,0.0,0.2230203150591592,0.0
2022-01-25,0.0,0.2114462284438029,-0.0
2022-01-26,0.0,0.1971499085680118,0.0
2022-01-27,0.0,0.2247145194418692,-0.0
2022-01-28,0.0,0.2524718213979145,0.0
2022-02-07,0.0,0.2833198670641722,0.0
2022-02-08,0.0,0.29704161168895926,-0.0
2022-02-09,0.0,0.2904253109870226,0.0
2022-02-10,0.0,0.2858350169830244,-0.0
2022-02-11,0.0,0.2818946903723384,-0.0
2022-02-14,0.0,0.2621125996733363,-0.0
2022-02-15,0.0,0.2828098145170024,0.0
2022-02-16,0.0,0.2930064568241005,-0.0
2022-02-17,0.7067966343177768,0.33560258230127016,0.0
2022-02-18,0.6904392237479658,0.31999509436321966,-0.0012890375700538386
2022-02-21,0.6906620660910513,0.28920397144146215,-0.006585315936733728
2022-02-22,0.0,0.2265002822614654,-0.008968121347366863
2022-02-23,0.7686357229896399,0.21582909633844521,0.0
2022-02-24,0.0,0.17703474337544134,-0.017216317017391517
2022-02-25,0.8343044648383476,0.2474908722420672,0.0
2022-02-28,0.8037016381504786,0.29356060226087166,0.006916242237448841
2022-03-01,0.7639227494340353,0.33068389694466016,0.002592141725296721
2022-03-02,0.7347103950760521,0.323697412907662,-0.014903628305875683
2022-03-03,0.7227325089134102,0.2963749062219415,-0.009985182711141264
2022-03-04,0.0,0.28026460437193124,-0.011313986435137958
2022-03-07,0.0,0.2588887722212553,-0.0
2022-03-08,0.0,0.24549466954602112,-0.0
2022-03-09,0.0,0.30086323094044964,-0.0
2022-03-10,0.0,0.29724268112300106,0.0
2022-03-11,0.0,0.3111285041603444,0.0
2022-03-14,0.0,0.3802199876474581,-0.0
2022-03-15,0.0,0.38870980998378324,-0.0
2022-03-16,0.6229656496078895,0.3548019405884125,0.0
2022-03-17,0.6036990798358797,0.3797712556376886,0.017332471307320737
2022-03-18,0.568927201197779,0.4652897492106234,0.0025254420878140773
2022-03-21,0.535885103598831,0.4953968796912679,0.0002158550493216627
2022-03-22,0.5148785530699935,0.46419614412421795,-0.006956970897908572
2022-03-23,0.5128293810054945,0.39632786950661036,0.00531516688847499
2022-03-24,0.5314760170957092,0.32999893529033375,-0.0017586212142597702
2022-03-25,0.0,0.2454404347013366,-0.011275674619937708
2022-03-28,0.0,0.18987104092740947,-0.0
2022-03-29,0.0,0.21881228244518186,-0.0
2022-03-30,0.752060010126333,0.23549751902389177,0.0
2022-03-31,0.0,0.2648968491254983,-0.01044545015592722
2022-04-01,0.7188686950867065,0.3426166757211474,0.0
2022-04-06,0.6876324871566271,0.35543697834444155,-0.008407909026850539
2022-04-07,0.672298918557427,0.32735118457594226,-0.014717995903043653
2022-04-08,0.0,0.31040402434836545,-0.0013481342151322223
2022-04-11,0.0,0.3108802972450083,-0.0
2022-04-12,0.0,0.23546821517225935,0.0
2022-04-13,0.0,0.30389118835451834,-0.0
2022-04-14,0.0,0.3690459967194569,-0.0
2022-04-15,0.0,0.36748584577127724,-0.0
2022-04-18,0.6232639994406943,0.35426183403428385,0.0
2022-04-19,0.0,0.32343823084092327,-0.009110266492529284
2022-04-20,0.0,0.2505437352725042,-0.0
2022-04-21,0.0,0.226730717430378,-0.0
2022-04-22,0.0,0.2867339849186147,-0.0
2022-04-25,0.0,0.3091703468437106,-0.0
2022-04-26,0.0,0.342577782016104,-0.0
2022-04-27,0.0,0.37937104522229353,0.0
2022-04-28,0.0,0.41929774974195755,-0.0
2022-04-29,0.5659917865411177,0.502669546867512,0.0
2022-05-05,0.530153425510042,0.5170631065789753,-0.00812930244154148
2022-05-06,0.5015988897583479,0.5162879200299044,-0.008455540028411632
2022-05-09,0.0,0.4529247045802392,-0.0034681106075868415
2022-05-10,0.48904042360511185,0.4108243416358228,0.0
2022-05-11,0.5069545168599264,0.3456554370101134,0.014860297273074625
2022-05-12,0.5258559789761684,0.3325231808157826,0.001114403490937902
2022-05-13,0.5486427013276538,0.31260277268762077,0.0018443328904936664
2022-05-16,0.5775486162775553,0.28852856194978116,-0.006764532757804351
2022-05-17,0.6172849545600212,0.2576554896383959,0.009139425052384671
2022-05-18,0.6446819750877689,0.2651570191487763,-0.0008081466732233834
2022-05-19,0.6731065413557494,0.2541926515523713,0.004488674618907362
2022-05-20,0.7341997063755576,0.20437936616232857,0.01186245808306357
2022-05-23,0.78736527566724,0.19999448958503369,-0.004707388557296399
2022-05-24,0.0,0.21592878141131355,-0.029585562505549008
2022-05-25,0.0,0.22928387121634278,0.0
2022-05-26,0.0,0.3189965495779472,-0.0
2022-05-27,0.0,0.3329936628768162,0.0
2022-05-30,0.0,0.31192938301148077,0.0
2022-05-31,0.7272804122944933,0.2757639760457767,0.0
2022-06-01,0.7293611854194701,0.271118696692433,0.0062054957310533395
2022-06-02,0.7732309684753021,0.21081255470213728,0.009848010918325571
2022-06-06,0.819626124510089,0.19896404423145142,0.028941927234297067
2022-06-07,0.8456551852998024,0.21057698095274519,0.0003308039323388838
2022-06-08,0.8353003856138084,0.25192686677533394,0.005442702094928521
2022-06-09,0.8124620869564247,0.2773506222543387,-0.024124601498991285
2022-06-10,0.7968138212311223,0.27239763753741875,0.018891438225844416
2022-06-13,0.7585797079646249,0.3302274043049874,-0.0035420896757762752
2022-06-14,0.7281326440200285,0.32984555292081863,0.0018411534986083342
2022-06-15,0.7251474623040732,0.280423599584408,0.006443715708738139
2022-06-16,0.7302471591967785,0.26643719434073,0.0028982723562354738
2022-06-17,0.7395949943733837,0.25740478431896485,0.022091306878239316
2022-06-20,0.7933367446292048,0.198352927738632,0.011924578511101269
2022-06-21,0.8197511242050415,0.21612073932861203,-0.003330147698230348
2022-06-22,0.8410173455637275,0.21596354330691203,-0.005977886879213286
2022-06-23,0.8439289294741457,0.2337608485828846,0.026782228898395564
2022-06-24,0.8266789186946001,0.2639640703297246,0.018069258322376276
2022-06-27,0.8009991820702334,0.2864179591678541,0.0009052945482111435
2022-06-28,0.7841060958342652,0.279121534402912,0.0037899975168671843
2022-06-29,0.7759517338666269,0.26905795113701575,-0.02047989262370262
2022-06-30,0.7710638421183378,0.2661300508586976,0.01347518715165329
2022-07-01,0.0,0.3024486692896452,-0.008805800414681124
2022-07-04,0.7432703106388812,0.27780406465560664,0.0
2022-07-05,0.7496316341707068,0.258038902588908,-0.002979021052879643
2022-07-06,0.7465469168690965,0.272402353306666,-0.0038415076293688423
2022-07-07,0.7474865921385466,0.26622462969948113,0.011958091730470553
2022-07-08,0.7750199777953805,0.22594950523891905,-0.010329099027663338
2022-07-11,0.0,0.21645330170078114,-0.011723423435718054
2022-07-12,0.0,0.2209449951656935,-0.0
2022-07-13,0.0,0.21842671497846547,0.0
2022-07-14,0.0,0.2498931662804151,0.0
2022-07-15,0.0,0.2866908729991448,-0.0
2022-07-18,0.7733686507008496,0.3133089109906083,0.0
2022-07-19,0.7420299567073954,0.3243198465715552,-0.013495153234174698
2022-07-20,0.7177435669335124,0.3222698066607621,0.0027739442742725075
2022-07-21,0.0,0.29811292754306534,-0.002683154015406323
2022-07-22,0.0,0.27541652105115283,-0.0
2022-07-25,0.0,0.22663661497388748,-0.0
2022-07-26,0.0,0.20061144432106415,0.0
2022-07-27,0.0,0.15889305611023335,0.0
2022-07-28,0.0,0.13191052384928215,-0.0
2022-07-29,0.0,0.11590860885264241,-0.0
2022-08-01,1.2549036316697746,0.12131184341108969,0.0
2022-08-02,0.0,0.14934011586094909,-0.024803181144458276
2022-08-03,0.0,0.22009860383976648,-0.0
2022-08-04,0.0,0.25821901702826217,0.0
2022-08-05,1.0351124726989134,0.2782995813277064,0.0
2022-08-08,0.0,0.286701568730281,-0.003979672356552519
2022-08-09,0.9149719877618816,0.28391812342622164,0.0
2022-08-10,0.8976093761623272,0.24149953929370488,-0.012333750256466726
2022-08-11,0.9061245792057391,0.21272400298261535,0.023360486808927564
2022-08-12,0.9255057133920637,0.19939578090751564,-0.011714375774849413
2022-08-15,0.9100486351799194,0.23578779561694307,0.008812761852125274
2022-08-16,0.8873745927828688,0.25104232043589647,0.00481688286741622
2022-08-17,0.8690326090817997,0.2513621711075755,0.014272644729417952
2022-08-18,0.8541217295508227,0.2517375519220244,-0.0006451148183451548
2022-08-19,0.861421294507441,0.2245627765826208,-0.012781695823186834
2022-08-22,0.8979458116041836,0.191562829717171,0.014807979536783396
2022-08-23,0.9291748462823388,0.18973694192153284,-0.0006655899077178871
2022-08-24,0.0,0.20592664950634862,-0.03403441624795153
2022-08-25,0.0,0.23711509749769094,-0.0
2022-08-26,0.0,0.29323470603488694,-0.0
2022-08-29,0.0,0.30608021951277475,-0.0
2022-08-30,0.0,0.28924749620153956,-0.0
2022-08-31,0.0,0.2527597915419987,-0.0
2022-09-01,0.0,0.23297412834031206,-0.0
2022-09-02,0.0,0.1737821195020336,-0.0
2022-09-05,0.0,0.15793405788360762,0.0
2022-09-06,0.0,0.16680910144094696,0.0
2022-09-07,1.0371597367199006,0.1714221905975243,0.0
2022-09-08,1.0657244817411724,0.1694939009487983,-0.018892352932496137
2022-09-09,1.10482178636969,0.15857774728062496,0.012120524361387759
2022-09-13,1.1101214148967955,0.17678465204432695,-0.00044637654628296473
2022-09-14,0.0,0.18926306162174977,-0.019912985503735634
2022-09-15,0.0,0.19320089284628092,-0.0
2022-09-16,0.0,0.23512985055420055,-0.0
2022-09-19,0.0,0.28508076804803983,-0.0
2022-09-20,0.0,0.30129617639372663,0.0
2022-09-21,0.0,0.27865208968970656,-0.0
2022-09-22,0.0,0.27737268216997724,-0.0
2022-09-23,0.0,0.2630311360782709,-0.0
2022-09-26,0.0,0.19998065283874128,0.0
2022-09-27,0.9464238013494993,0.15492618558364524,0.0
2022-09-28,0.9976611931354583,0.16630484825659803,-0.02368777079913791
2022-09-29,0.9796386062430201,0.22037395597274068,0.007953004505875353
2022-09-30,0.9411498744786762,0.2540666713565195,-0.020082423612555796
2022-10-10,0.0,0.27294909704952697,-0.023599735590511636
2022-10-11,0.0,0.2988703098211402,0.0
2022-10-12,0.8099531537011653,0.3144056328773009,0.0
2022-10-13,0.782413799608728,0.2975055425080324,0.0028444870864208754
2022-10-14,0.7460230884653487,0.33307783826572335,0.027952316764410703
2022-10-17,0.7107087614034729,0.35121518944516783,-0.0009469368390007394
2022-10-18,0.6843646583725151,0.3454301556133788,0.0033021129135702818
2022-10-19,0.6802985945247,0.3011892431060099,-0.0052108910935948
2022-10-20,0.6848342652390248,0.28450435045075695,-0.005219744520327279
2022-10-21,0.0,0.2696683887665144,-0.004704701710491356
2022-10-24,0.0,0.2529730919481472,-0.0
2022-10-25,0.0,0.1632090277187014,-0.0
2022-10-26,0.0,0.19344088389317537,0.0
2022-10-27,0.0,0.19429177299345204,-0.0
2022-10-28,0.0,0.290653685937179,-0.0
2022-10-31,0.0,0.3206984190764214,0.0
2022-11-01,0.7603969014321696,0.3488315258380245,0.0
2022-11-02,0.7198049832143438,0.35878473917887255,0.009961664078075168
2022-11-03,0.683876062851497,0.3702604020709458,0.0012480206043089471
2022-11-04,0.6606478708052775,0.35227696698142097,0.021573292979484786
2022-11-07,0.6492235210079367,0.33138582203757927,-0.0011098522335684692
2022-11-08,0.6671829910884868,0.2706283512916599,-0.004381120667944926
2022-11-09,0.678081255278705,0.27713332269616897,-0.01052942809224486
2022-11-10,0.6960782896953178,0.260394144145813,-0.011169302384317417
2022-11-11,0.0,0.2723526682708683,0.012661743882764554
2022-11-14,0.0,0.2766524807528715,-0.0
2022-11-15,0.7344182251855556,0.23758360619540445,0.0
2022-11-16,0.7537505539733104,0.24065075744251974,-0.009706841757891833
2022-11-17,0.7436285591054477,0.2844381419489477,-0.004542614678363143
2022-11-18,0.7345495897208683,0.2864370432284582,-0.0003211292015913102
2022-11-21,0.7387826870331459,0.26465000669816063,0.0012680885716652094
2022-11-22,0.0,0.23971176514377926,-0.014801891630930411
2022-11-23,0.0,0.22035052210165634,-0.0
2022-11-24,0.0,0.18099803495322916,-0.0
2022-11-25,0.0,0.17587680087667373,-0.0
2022-11-28,0.0,0.17754750361651955,-0.0
2022-11-29,0.9897416464623874,0.1753611858741374,0.0
2022-11-30,1.0355495086405635,0.16409839585476022,-0.0013099537483357562
2022-12-01,1.0621552301726416,0.17114816477402894,0.02082031633016351
2022-12-02,1.0771524162844424,0.1758796593655254,0.0022955031022685256
2022-12-05,1.058813672673826,0.20295117426935044,-0.0013961893872519021
2022-12-06,1.0571491732401874,0.1903871300049083,0.0027430613388291824
2022-12-07,1.0742997297494177,0.17499313828927368,0.010884483058041631
2022-12-08,1.1035948022516913,0.16383034128720203,-0.0022949658230490308
2022-12-09,1.1527448662525785,0.14822004889719886,0.004710180962199135
2022-12-12,1.2705914262963889,0.11481203453377183,-0.007387888540415766
2022-12-13,1.3842960702153138,0.10874797851609962,-0.01534145621529407
2022-12-14,0.0,0.1312354488126152,-0.003608096892134704
2022-12-15,1.3876120061650357,0.15514341282894342,0.0
2022-12-16,0.0,0.13991081173262038,-0.01680512156707866
2022-12-19,0.0,0.1647942628028838,-0.0
2022-12-20,0.0,0.17234853204524253,-0.0
2022-12-21,0.0,0.17887718736841557,-0.0
2022-12-22,0.0,0.17657891437915807,-0.0
2022-12-23,0.0,0.17363304423091658,-0.0
2022-12-26,1.278319067603101,0.1360528369596718,0.0
2022-12-27,1.3216505991770857,0.13378134695489546,0.01739994429201014
2022-12-28,1.2808791422651626,0.17892395435236955,-0.015071630985851939
2022-12-29,1.2506037537744765,0.17706915491916397,0.005637676117084309
2022-12-30,1.208096359934418,0.19266583130490988,0.001098035361241618
2023-01-03,1.1756393485530836,0.1912390881806084,0.005289391930789857
2023-01-04,0.0,0.17626015345419188,-0.011353974619792657
2023-01-05,1.1901259897576475,0.1561481488544018,0.0
2023-01-06,1.2130977965842584,0.1532584637666699,0.010172069602601547
2023-01-09,1.1678245426384368,0.20268937857638702,0.0077186239359082025
2023-01-10,1.1226334896917083,0.21234369215747628,0.017642676642054777
2023-01-11,1.0841066655720146,0.21505390933222063,-0.012695862195521676
2023-01-12,1.0475810334719609,0.22185775797736038,0.0036470772783444767
2023-01-13,1.022823431083313,0.2164987127409057,0.015280715151277689
2023-01-16,1.039500645461932,0.18079757899554538,0.018867880404547475
2023-01-17,1.0496821428136303,0.18341756090238928,0.003372324963621662
2023-01-18,1.042262112777909,0.19751486936830037,-0.0008503290883865602
2023-01-19,1.0447826229077593,0.18959778152982953,0.011758166807179277
2023-01-20,1.0813017521873416,0.16294894980757663,0.004594260097431867
2023-01-30,1.1203195683309182,0.15669181793226705,0.011156396792281097
2023-01-31,1.1631284859468995,0.1498841219910766,-0.01155896549059816
2023-02-01,1.2450459359692136,0.1271685628969662,0.013835937106102604
2023-02-02,1.2483522263371059,0.15853169368182377,-0.006396225026166812
2023-02-03,1.2398452947764254,0.16586256928003112,-0.011926987921431332
2023-02-06,0.0,0.1707697586715109,-0.015972495599467385
2023-02-07,0.0,0.1806463808988878,-0.0
2023-02-08,0.0,0.17391518426976482,-0.0
2023-02-09,0.0,0.16776148962523516,0.0
2023-02-10,0.0,0.12769567228305873,-0.0
2023-02-13,1.2212450109748414,0.19246973154392882,0.0
2023-02-14,1.1771593343523938,0.19983680769486273,-0.0024497796685235638
2023-02-15,1.1439846791020751,0.19776797909742866,-0.010446858887456719
2023-02-16,0.0,0.19366024035442903,-0.014929784022553069
2023-02-17,0.0,0.19201996956935277,-0.0
2023-02-20,0.0,0.1837844812456096,0.0
2023-02-21,0.0,0.2136731600709187,-0.0
2023-02-22,0.0,0.22040139838752382,-0.0
2023-02-23,0.0,0.21816955883918182,0.0
2023-02-24,0.9983751392366894,0.21249737297938295,-0.0
2023-02-27,0.0,0.20346463527877245,-0.0072270170005875115
2023-02-28,0.0,0.16266264825891322,0.0
2023-03-01,1.1332653083928268,0.13353333303083506,0.0
2023-03-02,0.0,0.14898671791552986,-0.012007631561780767
2023-03-03,1.1978132465478524,0.15519563822997517,0.0
2023-03-06,1.2106731105655533,0.1584644708300607,0.0045747539067470784
2023-03-07,0.0,0.14744238769993837,-0.02539062082725417
2023-03-08,0.0,0.14242048877508617,-0.0
2023-03-09,0.0,0.17593407313188608,-0.0
2023-03-10,0.0,0.17312519795148268,-0.0
2023-03-13,0.0,0.16662859733937746,-0.0
2023-03-14,0.0,0.16219644188534518,-0.0
2023-03-15,0.0,0.14280126752322098,-0.0
2023-03-16,0.0,0.08594311849198852,-0.0
2023-03-17,0.0,0.08746073091823844,-0.0
2023-03-20,0.0,0.12679493286304933,-0.0
2023-03-21,1.5260440657693457,0.13469135730510357,0.0
2023-03-22,1.5063846171951083,0.14008085802917325,0.0033649543905465195
2023-03-23,1.4253752379863889,0.1815973394526874,0.0118978732685618
2023-03-24,1.3670586810990584,0.17639912787726697,0.00559570049778044
2023-03-27,1.3679054159340174,0.1458478195629255,0.015386984034845836
2023-03-28,1.3858614957330426,0.13720377735151518,-0.0148010270420261
2023-03-29,1.412189191291641,0.1317957189384879,-0.0006033042341336887
2023-03-30,1.3978788441450505,0.14918276314803802,0.009802674226357394
2023-03-31,1.3870127094779996,0.14885956778122372,0.008435464848554014
2023-04-03,1.3836800906618296,0.14594815640681358,0.0230533945993418
2023-04-04,1.37611217414979,0.14860601891238154,-0.009388893979408125
2023-04-06,1.3515318558906555,0.15959009821359088,0.0023404367564123793
2023-04-07,1.3463646063910204,0.15086419441527557,0.008584740773749707
2023-04-10,1.3487108282147695,0.1472650253704168,-0.0005684049170973566
2023-04-11,1.3534033323844972,0.14575417904487964,-0.003421702271164296
2023-04-12,1.370651391771989,0.13892326956928655,-0.005166799657945406
2023-04-13,1.4792253186848727,0.10451936364813112,-0.012287618725254783
2023-04-14,1.5833802549478984,0.09362946960155671,0.014517797304311497
2023-04-17,1.6223731022248973,0.11246414908626481,0.006039643538673886
2023-04-18,1.605851943219742,0.12988975611113973,-0.006877379927110717
2023-04-19,1.5765854254950031,0.13703141336920086,-0.010265514270921693
2023-04-20,1.5481985650913321,0.13940671479441774,-0.016941829490102932
2023-04-21,0.0,0.1443722168474424,-0.030404069089347816
2023-04-24,0.0,0.15319099876342446,-0.0
2023-04-25,0.0,0.1698885017657543,-0.0
2023-04-26,0.0,0.1674615681316599,0.0
2023-04-27,0.0,0.17274610696675766,0.0
2023-04-28,1.2366349627519935,0.2293821503397726,0.0
2023-05-04,1.1615200074770258,0.23227180069895548,-0.013786537921245075
2023-05-05,1.1136777375660332,0.21684714578153785,-0.014676502090699078
2023-05-08,1.091141143332429,0.19980124443575423,0.00554956047609843
2023-05-09,0.0,0.17811483682193996,-0.01639350133972422
2023-05-10,0.0,0.16173035768201777,0.0
2023-05-11,1.1454121867481042,0.16315860159087775,0.0
2023-05-12,1.1506983322252984,0.17067133963752185,-0.013549176957542956
2023-05-15,1.1529130619816368,0.17215082070291088,0.025520053869897506
2023-05-16,1.1436364429357728,0.1807452179419986,-0.00310064145454748
2023-05-17,1.1052187282334316,0.2101838556173236,0.0005132718115304889
2023-05-18,1.0903122282806268,0.19404547618435214,-0.006963685604170306
2023-05-19,1.0860324816912768,0.18710587982382038,0.0
2023-05-22,1.082552247558939,0.18715528726863453,-0.0004903832962938292
2023-05-23,0.0,0.1619576501347164,-0.013282991846333702
2023-05-24,0.0,0.09409093529658769,-0.0
2023-05-25,0.0,0.10982185252496257,0.0
2023-05-26,0.0,0.1127951092072022,-0.0
2023-05-29,0.0,0.11713036221754793,-0.0
2023-05-30,0.0,0.12397843193824684,0.0
2023-05-31,0.0,0.12762214541368422,-0.0
2023-06-01,0.0,0.13829928605477598,0.0
2023-06-02,1.4989669269998565,0.14305077676197153,0.0
2023-06-05,1.450414093289742,0.15920996722447076,-0.022217655770799573
2023-06-06,0.0,0.17429050667918522,-0.0252608116210788
2023-06-07,0.0,0.19271740057203593,-0.0
2023-06-08,0.0,0.2129111504546994,-0.0
2023-06-09,0.0,0.22143696475567928,0.0
2023-06-12,0.0,0.210299122671599,0.0
2023-06-13,1.1204742114756494,0.1851209797953971,0.0
2023-06-14,1.1243776687499876,0.1754399049270652,-0.002657103106876203
2023-06-15,1.1805741629172803,0.14231227595429963,0.03831386852933535
2023-06-16,1.2594419253789557,0.12699114373055664,0.015608480705001345
2023-06-19,1.2016665136113687,0.20606556748007662,-0.000570487281716537
2023-06-20,1.1329867930243775,0.23302747022474263,0.0016323410740331397
2023-06-21,1.0765709223034587,0.2350431912269752,-0.02802774416029327
2023-06-26,0.0,0.24575381756639067,-0.011546454558517423
2023-06-27,0.0,0.2709122625460761,0.0
2023-06-28,0.0,0.22561493438625702,-0.0
2023-06-29,0.0,0.1941215956217102,0.0
2023-06-30,0.9799945587738759,0.19356753112647035,0.0
2023-07-03,0.9980804701813554,0.18684182937005334,0.003164907915240537
2023-07-04,1.0328954053384762,0.17062587720417477,0.0013782567582065175
2023-07-05,1.1047266261059272,0.14367284449009018,-0.008587692725161494
2023-07-06,1.1621448892920536,0.14369695486706585,-0.009778587764701177
2023-07-07,0.0,0.1541675949179338,-0.010378830142664275
2023-07-10,0.0,0.16126353169903657,0.0
2023-07-11,1.2624546455285375,0.1320347942055195,0.0
2023-07-12,1.269243336999451,0.15427359817575562,-0.012918297100422823
2023-07-13,1.2546246287909966,0.16720313849985385,0.025262321303127683
2023-07-14,1.2282244273478846,0.1781540991622192,-0.007497211535611122
2023-07-17,1.183898761850326,0.19868942471344592,-0.009664371428741613
2023-07-18,1.1521382033570338,0.1951036839216239,-0.002753826316369665
2023-07-19,1.1347016242685273,0.1878013081991764,-0.011866736804600193
2023-07-20,0.0,0.18213511246306519,-0.011808772887543574
2023-07-21,0.0,0.17553394927948002,0.0
2023-07-24,0.0,0.11058511836843044,-0.0
2023-07-25,1.3282783199108879,0.126642415254297,0.0
2023-07-26,1.3483009175962222,0.1400176540088102,-0.0006219536876772141
2023-07-27,1.281937911081194,0.19675629828923036,-0.0037944969689306537
2023-07-28,1.2317232865969134,0.19401186479559213,0.020310812268826178
2023-07-31,1.201837038140968,0.1847930057789341,0.010772227190394217
2023-08-01,1.16384036679864,0.1976570364575671,-0.007735955697454408
2023-08-02,1.1556400013413173,0.17811999941409007,-0.002149262620411674
2023-08-03,1.1749633180720238,0.1597116776198247,0.01221786687339338
2023-08-04,1.2021330247973574,0.15257719842921658,0.009097895238356506
2023-08-07,1.2283826298295106,0.14999463207181574,-0.010408172554889551
2023-08-08,1.2743657282388352,0.13714616853698985,-0.004505706356126822
2023-08-09,1.3025391093155512,0.14131952249297847,-0.0017573543855746534
2023-08-10,1.3305800300311625,0.13862475934750346,0.005977696839126677
2023-08-11,0.0,0.13589709996593508,-0.033937379259243436
2023-08-14,0.0,0.1389054765923996,-0.0
2023-08-15,0.0,0.18015146096226936,-0.0
2023-08-16,0.0,0.1943585633814764,-0.0
2023-08-17,0.0,0.1925413248105186,0.0
2023-08-18,0.0,0.1915950497227712,-0.0
2023-08-21,0.0,0.1859810349384121,-0.0
2023-08-22,0.0,0.15623793492679502,0.0
2023-08-23,0.0,0.1548474726568536,-0.0
2023-08-24,0.0,0.17357202226883373,0.0
2023-08-25,0.0,0.20638728548807805,-0.0
2023-08-28,0.0,0.23492786956550432,0.0
2023-08-29,1.0470624841418767,0.22919154052982643,0.0
2023-08-30,1.003024040489996,0.24187591240392586,-0.0005066472975369003
2023-08-31,0.9518777979797457,0.267632703704195,-0.006819975397407484
2023-09-01,0.9335586247040014,0.23248192557966535,-0.0013926621923348636
2023-09-04,0.9270499194663868,0.2219718629903341,0.008165236913637727
2023-09-05,0.9362861248097843,0.2055010691802605,-0.004495882102923521
2023-09-06,0.9621515819696606,0.18768532566202284,-0.003648417992750787
2023-09-07,0.0,0.12616359068824232,-0.021846435052112555
2023-09-08,0.0,0.12722895025288913,-0.0
2023-09-11,0.0,0.1759424611608843,0.0
2023-09-12,0.0,0.18466493040820264,-0.0
2023-09-13,0.0,0.1771463311862475,-0.0
2023-09-14,0.0,0.18049338926039715,-0.0
2023-09-15,0.0,0.17694988501571027,-0.0
2023-09-18,0.0,0.14582968888973397,0.0
2023-09-19,0.0,0.1342958288494529,-0.0
2023-09-20,0.0,0.13752331488427288,-0.0
2023-09-21,0.0,0.13891403259283108,-0.0
2023-09-22,1.3539399432909385,0.1337370143649373,0.0
2023-09-25,1.355089777542644,0.14709244772197078,-0.007604508107626108
2023-09-26,1.2764333720577894,0.2079417638040303,-0.010447920033477229
2023-09-27,1.2060910520755432,0.21628127078238854,0.011800705317728385
2023-09-28,1.1533513249158622,0.21222581649169825,-0.0018512659225231342
2023-10-09,1.1183176770364125,0.20446070164253957,-0.0035487304397962055
2023-10-10,1.1150143317691288,0.18152099058630897,-0.00518144016114937
2023-10-11,1.1989976047194058,0.13029904246059693,0.009167711279299155
2023-10-12,1.2858755661450187,0.12244492552675341,0.008559973124913111
2023-10-13,1.3522329229036398,0.12363519495131364,-0.01511652454449327
2023-10-16,0.0,0.12129627278707258,-0.027389733830201244
2023-10-17,0.0,0.1491798078327958,0.0
2023-10-18,0.0,0.18086617146031092,-0.0
2023-10-19,0.0,0.19521402953821754,-0.0
2023-10-20,0.0,0.19083884181711488,-0.0
2023-10-23,0.0,0.1752920430552921,-0.0
2023-10-24,0.0,0.17068607603646122,0.0
2023-10-25,0.0,0.16858055479782458,-0.0
2023-10-26,0.0,0.18044329217556146,0.0
2023-10-27,1.1733694781589483,0.17582310929655703,0.0
2023-10-30,1.1447441388947248,0.1941289990338237,0.027740496424266944
2023-10-31,1.0780388301094381,0.24654297594200664,-0.005959113118075887
2023-11-01,1.0270378612490323,0.2430033309059491,-0.004510638440602335
2023-11-02,0.9783195766027448,0.2552822889923054,-0.009735032585141834
2023-11-03,0.9486180583667796,0.24101845178588133,0.014387310536513095
2023-11-06,0.9244870951397084,0.24155661724907604,0.030658171925602266
2023-11-07,0.919869372056889,0.22187745430953093,-0.006556645038865898
2023-11-08,0.903529581949754,0.23861495808575034,0.0018686802517232169
2023-11-09,0.8837105293756226,0.24862191387975197,-0.0018354865787757195
2023-11-10,0.8697860397719106,0.24567366183104594,-0.005407714495021274
2023-11-13,0.0,0.23679110221323912,0.0013336433432388278
2023-11-14,0.8750614686354412,0.2182712814635267,-0.0
2023-11-15,1.0422358199717017,0.1168952692253517,0.0044692184162581
2023-11-16,0.0,0.08810220755060326,-0.020373628358619177
2023-11-17,0.0,0.1073746302098999,0.0
2023-11-20,1.341235841416607,0.1577354734321852,0.0
2023-11-21,0.0,0.17425452210808573,-0.007618736748519379
2023-11-22,0.0,0.17346960645195758,-0.0
2023-11-23,1.2406372346689498,0.1797408762230422,0.0
2023-11-24,0.0,0.1817194786198652,-0.015022378109084815
2023-11-27,0.0,0.17251152242818252,-0.0
2023-11-28,0.0,0.16776537353809384,0.0
2023-11-29,0.0,0.16158273356527303,-0.0
2023-11-30,0.0,0.17060001566006308,0.0
2023-12-01,1.2104074963240108,0.16000096463058655,0.0
2023-12-04,0.0,0.1495756809759515,-0.01489153531083951
2023-12-05,0.0,0.14389586868919416,-0.0
2023-12-06,0.0,0.15989562859387674,0.0
2023-12-07,0.0,0.17231539756055642,-0.0
2023-12-08,0.0,0.17791433113874072,0.0
2023-12-11,1.2133864702543768,0.16800659429062037,0.0
2023-12-12,1.2001342793195036,0.17434883740588403,-0.007819973126790199
2023-12-13,1.1886252990972412,0.17504101107052117,-0.022189033177355447
2023-12-14,1.218106631671934,0.14969701750622155,-0.006541701404394623
2023-12-15,0.0,0.17662496011996015,-0.006741054516438721
2023-12-18,0.0,0.18230260468158274,-0.0
2023-12-19,0.0,0.17768581517680343,0.0
2023-12-20,0.0,0.14546165482243054,-0.0
2023-12-21,0.0,0.16663635743513014,0.0
2023-12-22,0.0,0.1645663363049096,-0.0
2023-12-25,1.16245797478201,0.20548873859762595,0.0
2023-12-26,0.0,0.2027233356096625,-0.014432478348698732
2023-12-27,1.118957362352572,0.18421832954136552,0.0
2023-12-28,1.1139672072044957,0.18281425582577152,0.04356887501513704
2023-12-29,1.0944330789903514,0.19679295066483024,0.005456215049994238
2024-01-02,1.0262641544993083,0.2653968466018759,-0.021601362114854843
2024-01-03,0.9600134827052083,0.2877653142751939,-0.010854024967748148
2024-01-04,0.9003261058092359,0.3023081537897383,-0.017894016268807357
2024-01-05,0.0,0.30513959879291774,-0.013445621560691191
2024-01-08,0.0,0.3018037345644892,-0.0
2024-01-09,0.0,0.21141972233736617,0.0
2024-01-10,0.0,0.14715928522510102,-0.0
2024-01-11,0.0,0.1854382448052652,0.0
2024-01-12,0.9881605057952594,0.18911684498578563,-0.0
2024-01-15,0.966904512643428,0.2267880862773234,-0.009267711782277095
2024-01-16,0.9587710918031563,0.2159273617942077,0.005677665281835808
2024-01-17,0.0,0.19886858900215654,-0.029643280854793817
2024-01-18,0.0,0.21161717549562709,0.0
2024-01-19,0.0,0.2612185578217775,-0.0
2024-01-22,0.0,0.2658815106786149,-0.0
2024-01-23,0.0,0.27039283917429074,0.0
2024-01-24,0.8233486492821854,0.29487808021469236,0.0
2024-01-25,0.7919183186765432,0.3002115006891357,0.012381404474234121
2024-01-26,0.0,0.26729369280273496,-0.01817283068893961
2024-01-29,0.0,0.2623937531406376,-0.0
2024-01-30,0.0,0.29548074728025675,-0.0
2024-01-31,0.0,0.3284439470802565,-0.0
2024-02-01,0.0,0.33463953466045926,0.0
2024-02-02,0.0,0.3231717862504409,-0.0
2024-02-05,0.0,0.30988743985624717,0.0
2024-02-06,0.6789666178972641,0.29231551981211246,0.0
2024-02-07,0.6717773047750278,0.3110322909665952,0.015304775193869469
2024-02-08,0.6352294800627685,0.4089660228647696,0.008445093046313384
2024-02-19,0.5985478141568883,0.4426530271190343,0.006017624761995536
2024-02-20,0.5694541435064004,0.4414236734562073,-0.00035282982639333964
2024-02-21,0.5586255018022263,0.38811518720365634,0.002345494171430574
2024-02-22,0.557526613156288,0.3615779604134685,0.0022914934400995422
2024-02-23,0.6242324472956234,0.2244528385587613,-0.000326149562724462
2024-02-26,0.7808632690314106,0.14210736854844264,-0.0018289841805480991
2024-02-27,0.9793025048004832,0.11279937637708579,0.01901328717043547
2024-02-28,1.1386574990316778,0.11260770023126147,-0.0255707518859473
2024-02-29,1.1061885516404668,0.20485238723583188,0.03947219051278667
2024-03-01,1.0197475879264863,0.29674306691176583,0.00875941915722184
2024-03-04,0.9301450071711894,0.349812606344392,0.004585728530635278
2024-03-05,0.8565276654006126,0.35583497405590464,-0.0015663515153229955
2024-03-06,0.8047399202950556,0.33467821550138144,0.0009618380099994224
2024-03-07,0.0,0.3102654477825617,-0.018269551242262552
2024-03-08,0.0,0.24239872185823086,0.0
2024-03-11,0.8190029534457083,0.20784379235335232,0.0
2024-03-12,0.8327992560342413,0.22522916511529045,0.004881599580204228
2024-03-13,0.7868072243384525,0.33176348516720844,-0.0045113787549406125
2024-03-14,0.7407818902458936,0.35927247432586407,-0.0038558317245081823
2024-03-15,0.7065500347895141,0.3511096565484161,0.0004042173124259693
2024-03-18,0.6926631331179508,0.31391481089802187,0.01600669372775729
2024-03-19,0.6936058537810875,0.28678903317422766,-0.008175286800734453
2024-03-20,0.7440183340255342,0.21149065641343517,0.0011220004788671494
2024-03-21,0.7874457637720531,0.2080828789802881,-0.004019554044604687
2024-03-22,0.8229870457313581,0.20722120871418143,-0.012468656852671208
2024-03-25,0.0,0.21264852619960767,-0.016469445786088308
2024-03-26,0.0,0.23597091273031373,0.0
2024-03-27,0.0,0.1960295400988793,-0.0
2024-03-28,0.0,0.22208989499214166,0.0
2024-03-29,0.0,0.24481121460389896,0.0
2024-04-01,0.8441616388550889,0.27230386281283203,0.0
2024-04-02,0.818188343449698,0.27999629661235437,-0.006511498989585846
2024-04-03,0.7878686637770956,0.3000345286846345,-0.00818650294373146
2024-04-08,0.7648220875996717,0.2973377347555035,-0.014212197417902082
2024-04-09,0.7671317060478594,0.2576090699942397,0.008221617769679208
2024-04-10,0.0,0.26888534956050614,-0.016582554682878937
2024-04-11,0.0,0.27357539789334506,-0.0
2024-04-12,0.0,0.22909136295111862,-0.0
2024-04-15,0.8027512334374554,0.22332661440767865,0.0
2024-04-16,0.0,0.22088850501628368,-0.015317483369125032
2024-04-17,0.819943501381104,0.24796475960791042,0.0
2024-04-18,0.8145748509100705,0.252174930276008,-0.004234985223316942
2024-04-19,0.8047643511326954,0.2612595170753945,-0.015615327590321524
2024-04-22,0.0,0.26044935547443016,-0.0009446033474240972
2024-04-23,0.7868263424234483,0.2686139742224445,0.0
2024-04-24,0.0,0.24173620454799172,0.006434335325112286
2024-04-25,0.0,0.21318882423195334,-0.0
2024-04-26,0.8865017581593093,0.17571262212856695,0.0
2024-04-29,0.9271984820294982,0.18348870005654605,0.03093616469161905
2024-04-30,0.903588472462042,0.2471734375901779,-0.01066050275255513
2024-05-06,0.8581307089702026,0.29572689934191787,0.01822510815621288
2024-05-07,0.8058037007374694,0.33529162204220186,-0.001390445933955104
2024-05-08,0.7627278071042431,0.33873948419932953,-0.012731587456192845
2024-05-09,0.7319835151849183,0.3284038020597117,0.01452067152905
2024-05-10,0.7156597287752392,0.30751982070649847,-0.006337524860243401
2024-05-13,0.0,0.25339683771703925,-0.009002128449394652
2024-05-14,0.0,0.24080473743929787,-0.0
2024-05-15,0.0,0.2221768067465918,-0.0
2024-05-16,0.0,0.218472804489378,0.0
2024-05-17,0.8458042316312886,0.20010370682813217,0.0
2024-05-20,0.9489246481677682,0.1469069137532421,0.0032397324731114874
2024-05-21,1.0018538270875932,0.16480294548350527,-0.006761350351077675
2024-05-22,1.0681070601367109,0.1500240047034077,0.011506256302907246
2024-05-23,1.1130636991038405,0.1546921706856518,-0.016387715889128775
2024-05-24,0.0,0.15816753790332805,-0.018592792591994322
2024-05-27,0.0,0.19414137971596607,0.0
2024-05-28,0.0,0.2004572077675933,-0.0
2024-05-29,0.0,0.21032581322787527,0.0
2024-05-30,0.0,0.21249886457535014,0.0
2024-05-31,1.043534244250416,0.19045925518740653,-0.0
2024-06-03,1.0688680318813104,0.1709104905944449,0.005872459381550687
2024-06-04,1.141344932547386,0.13973774374514508,0.01429948036933357
2024-06-05,1.2141830346137514,0.13284310306073988,-0.006337294708409292
2024-06-06,1.2953693786803153,0.12344804550995882,-0.007459425109848063
2024-06-07,0.0,0.13458831474392594,-0.027132942460146046
2024-06-11,0.0,0.1503543738742944,0.0
2024-06-12,0.0,0.1868780867302689,-0.0
2024-06-13,0.0,0.1876276874516135,-0.0
2024-06-14,0.0,0.15726952435243607,0.0
2024-06-17,1.24846380759198,0.15808340814207694,0.0
2024-06-18,1.2452735832261619,0.16227013507467952,0.0056364264010143935
2024-06-19,1.3309718109594308,0.11949110731277836,-0.016232190407724653
2024-06-20,1.4016332314000266,0.11874517838882115,-0.019117974726738093
2024-06-21,0.0,0.14960472836680455,-0.004061526621592119
2024-06-24,0.0,0.17095725285432808,-0.0
2024-06-25,0.0,0.16771986249759302,-0.0
2024-06-26,0.0,0.16873725645352672,0.0
2024-06-27,0.0,0.1630215506426514,-0.0
2024-06-28,0.0,0.23423599824079272,-0.0
2024-07-01,0.0,0.24103262110962323,-0.0
2024-07-02,0.0,0.23657758462503803,-0.0
2024-07-03,0.0,0.22426458302914576,-0.0
2024-07-04,0.0,0.20142649320500627,-0.0
2024-07-05,0.0,0.14154668105395063,0.0
2024-07-08,0.0,0.11678216133629388,-0.0
2024-07-09,1.288224828195428,0.129122985535636,0.0
2024-07-10,1.2931092928088987,0.15236387006789892,-0.0015913630544671618
2024-07-11,1.248563480352482,0.18684948983181876,0.028455885889690304
2024-07-12,1.2048822546518925,0.1941450979706374,-0.0007551387047799143
2024-07-15,1.1478161060930911,0.21749733149360492,-0.009513249045212618
2024-07-16,1.1012273005581505,0.2186097977170272,0.01667562151119869
2024-07-17,1.0869769953782373,0.1941793243305124,-0.0006620251198450147
2024-07-18,1.085478366989678,0.1852737299992985,0.01493034709054405
2024-07-19,1.0911997139054663,0.1795194996489964,0.0038560820362592333
2024-07-22,1.119998367355297,0.16191801852132154,0.0006446798578328008
2024-07-23,0.0,0.15668330493630905,-0.03562249538563983
2024-07-24,0.0,0.1604784679731464,-0.0
2024-07-25,0.0,0.2372856519170815,-0.0
2024-07-26,0.0,0.2547850304920445,0.0
2024-07-29,0.0,0.234473685730612,-0.0
2024-07-30,0.0,0.2377750605908639,-0.0
2024-07-31,0.9597599251508511,0.218472419312024,0.0
2024-08-01,0.9795800681044303,0.1888822687897316,-0.012820272679119293
2024-08-02,0.0,0.2514112064853003,-0.0163015965355557
2024-08-05,0.0,0.2827309202461483,-0.0
2024-08-06,0.8508927354338753,0.2977504064722769,0.0
2024-08-07,0.0,0.304804809963742,-0.004273176401472982
2024-08-08,0.0,0.29526753938331396,-0.0
2024-08-09,0.0,0.2223535619507936,-0.0
2024-08-12,0.8425697924587083,0.20383452026629323,-0.0
2024-08-13,0.0,0.18987855996164635,0.00804752070153051
2024-08-14,0.0,0.1594757794032452,-0.0
2024-08-15,0.0,0.1480721111597323,0.0
2024-08-16,1.0748937505181104,0.16307767452848637,-0.0
2024-08-19,1.0883102957767676,0.17513495598301287,-0.0013780513554724945
2024-08-20,0.0,0.1671525404686242,-0.014051960748747754
2024-08-21,0.0,0.16708077383989478,-0.0
2024-08-22,0.0,0.1567586666571467,-0.0
2024-08-23,0.0,0.14067090867765952,0.0
2024-08-26,0.0,0.11668961780306557,-0.0
2024-08-27,0.0,0.12364790039625506,-0.0
2024-08-28,0.0,0.12421534616637439,0.0
2024-08-29,1.4891670982836192,0.11319077126712293,0.0
2024-08-30,1.536001641078712,0.11605372229973904,0.03789931588412923
2024-09-02,1.5217847310230896,0.13652649781749565,-0.045194623946857006
2024-09-03,1.4050721734126463,0.21316917761132465,0.01806890344290776
2024-09-04,1.268769532115155,0.2764114732071014,0.0
2024-09-05,1.155752454652372,0.28421842594803887,0.009118962541351973
2024-09-06,0.0,0.2778061372484861,-0.02126279754010038
2024-09-09,1.0061367989991672,0.26443310938369513,0.0
2024-09-10,0.9788286535488246,0.22999183931236,-0.000665245527537211
2024-09-11,1.0048883228242735,0.18032200100920048,0.010303575661183055
2024-09-12,1.0569521386960874,0.15807684941999556,-0.001974901440261394
2024-09-13,1.0824107677072454,0.16888393202324464,-0.011147940481739792
2024-09-18,1.110150722833691,0.16378533548080193,-0.0035924685288926364
2024-09-19,1.1740575071094288,0.13989098981347814,0.01101721069242691
2024-09-20,0.0,0.13689059849349722,-0.008533024643591404
2024-09-23,0.0,0.14522141533009983,-0.0
2024-09-24,1.2957039688816212,0.13926475943027358,0.0
2024-09-25,1.255177858728592,0.182970326315893,0.018643545614285068
2024-09-26,1.1217307817017155,0.34016933455642406,0.05789465884680492
2024-09-27,0.9998942159003283,0.39020739220296785,0.11017375240311601
2024-09-30,0.8947330708897927,0.42186217101032897,0.1823023127950413
2024-10-08,0.799049648319753,0.48040435668569526,0.16299544036473695
2024-10-09,0.7125145585123044,0.5458899682119286,-0.14199261409887295
2024-10-10,0.6439276467288945,0.5411548249879052,-0.021945142366609143
2024-10-11,0.5892319845187822,0.5398848931225056,-0.034683775078447866
2024-10-14,0.0,0.5593464539260742,0.015804102893369674
2024-10-15,0.0,0.5794723869428883,-0.0
2024-10-16,0.0,0.6,-0.0
2024-10-17,0.0,0.6,-0.0
2024-10-18,0.4351395855985858,0.49124221602531865,0.0
2024-10-21,0.4268072572558429,0.5082877022924532,0.002214487106202046
2024-10-22,0.40811247247134097,0.6,0.0015727397309030383
2024-10-23,0.3931566446437395,0.6,-0.0024466141724144947
2024-10-24,0.3811919823816583,0.6,-0.005493656379291989
2024-10-25,0.3738569925690222,0.5805228208125096,0.011274544547080555
2024-10-28,0.3698245753967095,0.5654590897612791,-0.0013644661706041555
2024-10-29,0.0,0.3933055850917535,-0.00906855191344399
2024-10-30,0.0,0.3778253646470313,-0.0
2024-10-31,0.4345654744988119,0.41915214889580216,0.0
2024-11-01,0.0,0.43170846740581265,-0.007852534386380002
2024-11-04,0.0,0.43013780579893834,0.0
2024-11-05,0.4678096164540214,0.35836496560217174,0.0
2024-11-06,0.46122361228815417,0.45989741071366896,-0.005439712634883673
2024-11-07,0.4449435895425896,0.5265603649012569,0.01690696421914069
2024-11-08,0.4348662860193207,0.506897516811931,-0.004655061906816194
2024-11-11,0.42983919688186867,0.48812532597720226,0.01258390665557603
2024-11-12,0.43696847142498424,0.42965886176226853,-0.0007325671348772405
2024-11-13,0.4494545495137974,0.4004814893880218,0.005002440488725613
2024-11-14,0.47608890564342726,0.34327319183190375,-0.01620524203088548
2024-11-15,0.0,0.3059032858444399,-0.017807739232330328
2024-11-18,0.0,0.3517206949248736,-0.0
2024-11-19,0.0,0.3958270035716181,0.0
2024-11-20,0.0,0.3652976101863135,0.0
2024-11-21,0.0,0.42032417040772274,0.0
2024-11-22,0.0,0.3983891431386887,-0.0
2024-11-25,0.5193433728035177,0.366059699704681,-0.0
2024-11-26,0.0,0.34923924940407547,-0.005633112874671961
2024-11-27,0.0,0.3274042553609894,0.0
2024-11-28,0.0,0.28169482740817664,-0.0
2024-11-29,0.5851256741762841,0.3279441914934762,0.0
2024-12-02,0.5890083950866958,0.3308304473130401,0.008530474590981585
2024-12-03,0.6033279599797108,0.3027522207340138,-0.003473412658528
2024-12-04,0.6178810764597849,0.29581705409569714,-0.007735046018202243
2024-12-05,0.6347409651795033,0.2848270413189087,0.0019899481463050007
2024-12-06,0.6592408562710558,0.2641169099659095,0.013557789518405645
2024-12-09,0.6974542449736162,0.23520894439735668,-0.00535725794569891
2024-12-10,0.7361002634808149,0.22454644319805644,0.004726343113308232
2024-12-11,0.7696837302955838,0.22123463142862954,-0.000994961308736999
2024-12-12,0.7997016536366168,0.21744487449236477,0.010340724596984286
2024-12-13,0.0,0.20112222203461827,-0.019808918134742587
2024-12-16,0.0,0.21021997707708828,-0.0
2024-12-17,0.0,0.24141131461917742,0.0
2024-12-18,0.0,0.24976992451619856,-0.0
2024-12-19,0.0,0.23985291993345137,0.0
2024-12-20,0.0,0.23104317591825818,-0.0
2024-12-23,0.8736466210435857,0.2037142353373556,-0.0
2024-12-24,0.9563673295928277,0.1553699549830933,0.009309271890179934
2024-12-25,1.0803165355971103,0.1268944259497622,-0.006190179879614991
2024-12-26,1.1433032384548636,0.1433434817052032,0.004999155418973523
2024-12-27,1.1772887699630552,0.15229614274977912,-0.0015845052760740984
2024-12-30,1.203976151499035,0.1525872296632314,0.001087988452924501
